station_id,prod_day,shift_code,shift_id,work_order_no,inspection_events,mes_units_completed,qty_variance_pct,shift_present,variance_flag,downtime_min
S1,2026-03-31,C,2026-03-31-C,,40,41,2.5,True,False,39
S1,2026-04-01,A,2026-04-01-A,WO-100001,50,49,-2.0,True,False,32
S1,2026-04-01,B,2026-04-01-B,WO-100001,49,49,0.0,True,False,1
S1,2026-04-01,C,2026-04-01-C,WO-100001,72,71,-1.389,True,False,43
S1,2026-04-02,A,2026-04-02-A,WO-100001,67,67,0.0,True,False,43
S1,2026-04-02,B,2026-04-02-B,WO-100001,54,54,0.0,True,False,24
S1,2026-04-02,C,2026-04-02-C,WO-100001,61,61,0.0,True,False,30
S1,2026-04-03,A,2026-04-03-A,WO-100001,59,59,0.0,True,False,37
S1,2026-04-03,B,2026-04-03-B,WO-100001,64,65,1.563,True,False,2
S1,2026-04-03,C,2026-04-03-C,WO-100001,63,62,-1.587,True,False,12
S1,2026-04-04,A,2026-04-04-A,WO-100001,60,61,1.667,True,False,14
S1,2026-04-04,B,2026-04-04-B,WO-100001,60,59,-1.667,True,False,43
S1,2026-04-04,C,2026-04-04-C,WO-100001,60,61,1.667,True,False,5
S1,2026-04-05,A,2026-04-05-A,WO-100001,50,51,2.0,True,False,13
S1,2026-04-05,B,2026-04-05-B,WO-100001,60,59,-1.667,True,False,23
S1,2026-04-05,C,2026-04-05-C,WO-100001,65,64,-1.538,True,False,13
S1,2026-04-06,A,2026-04-06-A,WO-100001,53,54,1.887,True,False,43
S1,2026-04-06,B,2026-04-06-B,WO-100001,52,52,0.0,True,False,26
S1,2026-04-06,C,2026-04-06-C,WO-100001,63,62,-1.587,True,False,25
S1,2026-04-07,A,2026-04-07-A,WO-100001,49,50,2.041,True,False,23
S1,2026-04-07,B,2026-04-07-B,WO-100001,48,47,-2.083,True,False,20
S1,2026-04-07,C,2026-04-07-C,WO-100001,46,47,2.174,True,False,13
S1,2026-04-08,A,2026-04-08-A,WO-100002,53,53,0.0,True,False,45
S1,2026-04-08,B,2026-04-08-B,WO-100002,54,55,1.852,True,False,21
S1,2026-04-08,C,2026-04-08-C,WO-100002,64,65,1.563,True,False,42
S1,2026-04-09,A,2026-04-09-A,WO-100002,57,57,0.0,True,False,4
S1,2026-04-09,B,2026-04-09-B,WO-100002,66,67,1.515,True,False,4
S1,2026-04-09,C,2026-04-09-C,WO-100002,51,52,1.961,True,False,1
S1,2026-04-10,A,2026-04-10-A,WO-100002,57,58,1.754,True,False,1
S1,2026-04-10,B,2026-04-10-B,WO-100002,59,58,-1.695,True,False,6
S1,2026-04-10,C,2026-04-10-C,WO-100002,70,69,-1.429,True,False,3
S1,2026-04-11,A,2026-04-11-A,WO-100002,59,58,-1.695,True,False,25
S1,2026-04-11,B,2026-04-11-B,WO-100002,60,60,0.0,True,False,22
S1,2026-04-11,C,2026-04-11-C,WO-100002,60,60,0.0,True,False,32
S1,2026-04-12,A,2026-04-12-A,WO-100002,60,61,1.667,True,False,44
S1,2026-04-12,B,2026-04-12-B,WO-100002,74,74,0.0,True,False,7
S1,2026-04-12,C,2026-04-12-C,WO-100002,54,54,0.0,True,False,31
S1,2026-04-13,A,2026-04-13-A,WO-100002,60,60,0.0,True,False,9
S1,2026-04-13,B,2026-04-13-B,WO-100002,39,39,0.0,True,False,22
S1,2026-04-13,C,2026-04-13-C,WO-100002,61,62,1.639,True,False,7
S1,2026-04-14,A,2026-04-14-A,WO-100002,51,52,1.961,True,False,0
S1,2026-04-14,B,2026-04-14-B,WO-100002,45,45,0.0,True,False,19
S1,2026-04-14,C,2026-04-14-C,WO-100002,76,77,1.316,True,False,3
S1,2026-04-15,A,2026-04-15-A,WO-100003,75,75,0.0,True,False,2
S1,2026-04-15,B,2026-04-15-B,WO-100003,58,58,0.0,True,False,8
S1,2026-04-15,C,2026-04-15-C,WO-100003,68,67,-1.471,True,False,19
S1,2026-04-16,A,2026-04-16-A,WO-100003,57,57,0.0,True,False,16
S1,2026-04-16,B,2026-04-16-B,WO-100003,61,61,0.0,True,False,6
S1,2026-04-16,C,2026-04-16-C,WO-100003,56,55,-1.786,True,False,21
S1,2026-04-17,A,2026-04-17-A,WO-100003,51,52,1.961,True,False,14
S1,2026-04-17,B,2026-04-17-B,WO-100003,68,69,1.471,True,False,14
S1,2026-04-17,C,2026-04-17-C,WO-100003,71,72,1.408,True,False,32
S1,2026-04-18,A,2026-04-18-A,WO-100003,58,59,1.724,True,False,2
S1,2026-04-18,B,2026-04-18-B,WO-100003,53,54,1.887,True,False,36
S1,2026-04-18,C,2026-04-18-C,WO-100003,76,76,0.0,True,False,8
S1,2026-04-19,A,2026-04-19-A,WO-100003,53,54,1.887,True,False,22
S1,2026-04-19,B,2026-04-19-B,WO-100003,55,54,-1.818,True,False,6
S1,2026-04-19,C,2026-04-19-C,WO-100003,69,68,-1.449,True,False,3
S1,2026-04-20,A,2026-04-20-A,WO-100003,68,68,0.0,True,False,31
S1,2026-04-20,B,2026-04-20-B,WO-100003,56,55,-1.786,True,False,18
S1,2026-04-20,C,2026-04-20-C,WO-100003,54,55,1.852,True,False,21
S1,2026-04-21,A,2026-04-21-A,WO-100003,43,42,-2.326,True,False,33
S1,2026-04-21,B,2026-04-21-B,WO-100003,70,69,-1.429,True,False,30
S1,2026-04-21,C,2026-04-21-C,WO-100003,62,62,0.0,True,False,13
S1,2026-04-22,A,2026-04-22-A,WO-100004,68,69,1.471,True,False,29
S1,2026-04-22,B,2026-04-22-B,WO-100004,64,63,-1.563,True,False,40
S1,2026-04-22,C,2026-04-22-C,WO-100004,51,50,-1.961,True,False,14
S1,2026-04-23,A,2026-04-23-A,WO-100004,52,52,0.0,True,False,5
S1,2026-04-23,B,2026-04-23-B,WO-100004,46,45,-2.174,True,False,10
S1,2026-04-23,C,2026-04-23-C,WO-100004,62,62,0.0,True,False,15
S1,2026-04-24,A,2026-04-24-A,WO-100004,73,72,-1.37,True,False,12
S1,2026-04-24,B,2026-04-24-B,WO-100004,54,55,1.852,True,False,3
S1,2026-04-24,C,2026-04-24-C,WO-100004,62,61,-1.613,True,False,22
S1,2026-04-25,A,2026-04-25-A,WO-100004,67,67,0.0,True,False,28
S1,2026-04-25,B,2026-04-25-B,WO-100004,60,59,-1.667,True,False,45
S1,2026-04-25,C,2026-04-25-C,WO-100004,54,55,1.852,True,False,4
S1,2026-04-26,A,2026-04-26-A,WO-100004,55,54,-1.818,True,False,0
S1,2026-04-26,B,2026-04-26-B,WO-100004,64,65,1.563,True,False,24
S1,2026-04-26,C,2026-04-26-C,WO-100004,58,58,0.0,True,False,8
S1,2026-04-27,A,2026-04-27-A,WO-100004,62,63,1.613,True,False,32
S1,2026-04-27,B,2026-04-27-B,WO-100004,55,56,1.818,True,False,7
S1,2026-04-27,C,2026-04-27-C,WO-100004,54,53,-1.852,True,False,17
S1,2026-04-28,A,2026-04-28-A,WO-100004,35,35,0.0,True,False,6
S1,2026-04-28,B,2026-04-28-B,WO-100004,63,63,0.0,True,False,26
S1,2026-04-28,C,2026-04-28-C,WO-100004,71,70,-1.408,True,False,14
S1,2026-04-29,A,2026-04-29-A,WO-100005,74,73,-1.351,True,False,26
S1,2026-04-29,B,2026-04-29-B,WO-100005,62,62,0.0,True,False,4
S1,2026-04-29,C,2026-04-29-C,WO-100005,58,59,1.724,True,False,17
S1,2026-04-30,A,2026-04-30-A,WO-100005,58,58,0.0,True,False,37
S1,2026-04-30,B,2026-04-30-B,WO-100005,72,72,0.0,True,False,4
S1,2026-04-30,C,2026-04-30-C,WO-100005,44,43,-2.273,True,False,9
S1,2026-05-01,A,2026-05-01-A,WO-100005,57,58,1.754,True,False,26
S1,2026-05-01,B,2026-05-01-B,WO-100005,59,60,1.695,True,False,7
S1,2026-05-01,C,2026-05-01-C,WO-100005,46,47,2.174,True,False,26
S1,2026-05-02,A,2026-05-02-A,WO-100005,52,51,-1.923,True,False,28
S1,2026-05-02,B,2026-05-02-B,WO-100005,55,55,0.0,True,False,21
S1,2026-05-02,C,2026-05-02-C,WO-100005,74,74,0.0,True,False,18
S1,2026-05-03,A,2026-05-03-A,WO-100005,68,69,1.471,True,False,16
S1,2026-05-03,B,2026-05-03-B,WO-100005,49,50,2.041,True,False,31
S1,2026-05-03,C,2026-05-03-C,WO-100005,74,73,-1.351,True,False,44
S1,2026-05-04,A,2026-05-04-A,WO-100005,72,72,0.0,True,False,32
S1,2026-05-04,B,2026-05-04-B,WO-100005,68,68,0.0,True,False,44
S1,2026-05-04,C,2026-05-04-C,WO-100005,56,55,-1.786,True,False,35
S1,2026-05-05,A,2026-05-05-A,WO-100005,59,59,0.0,True,False,42
S1,2026-05-05,B,2026-05-05-B,WO-100005,46,45,-2.174,True,False,40
S1,2026-05-05,C,2026-05-05-C,WO-100005,59,59,0.0,True,False,13
S1,2026-05-06,A,2026-05-06-A,WO-100006,58,59,1.724,True,False,18
S1,2026-05-06,B,2026-05-06-B,WO-100006,70,71,1.429,True,False,37
S1,2026-05-06,C,2026-05-06-C,WO-100006,54,55,1.852,True,False,40
S1,2026-05-07,A,2026-05-07-A,WO-100006,53,54,1.887,True,False,33
S1,2026-05-07,B,2026-05-07-B,WO-100006,62,61,-1.613,True,False,23
S1,2026-05-07,C,2026-05-07-C,WO-100006,66,66,0.0,True,False,2
S1,2026-05-08,A,2026-05-08-A,WO-100006,40,41,2.5,True,False,36
S1,2026-05-08,B,2026-05-08-B,WO-100006,59,58,-1.695,True,False,32
S1,2026-05-08,C,2026-05-08-C,WO-100006,70,70,0.0,True,False,25
S1,2026-05-09,A,2026-05-09-A,WO-100006,68,69,1.471,True,False,10
S1,2026-05-09,B,2026-05-09-B,WO-100006,55,54,-1.818,True,False,25
S1,2026-05-09,C,2026-05-09-C,WO-100006,59,58,-1.695,True,False,7
S1,2026-05-10,A,2026-05-10-A,WO-100006,66,65,-1.515,True,False,9
S1,2026-05-10,B,2026-05-10-B,WO-100006,67,66,-1.493,True,False,7
S1,2026-05-10,C,2026-05-10-C,WO-100006,59,60,1.695,True,False,41
S1,2026-05-11,A,2026-05-11-A,WO-100006,47,48,2.128,True,False,21
S1,2026-05-11,B,2026-05-11-B,WO-100006,52,51,-1.923,True,False,42
S1,2026-05-11,C,2026-05-11-C,WO-100006,63,62,-1.587,True,False,1
S1,2026-05-12,A,2026-05-12-A,WO-100006,58,58,0.0,True,False,22
S1,2026-05-12,B,2026-05-12-B,WO-100006,82,83,1.22,True,False,28
S1,2026-05-12,C,2026-05-12-C,WO-100006,49,50,2.041,True,False,0
S1,2026-05-13,A,2026-05-13-A,WO-100007,48,47,-2.083,True,False,11
S1,2026-05-13,B,2026-05-13-B,WO-100007,57,56,-1.754,True,False,31
S1,2026-05-13,C,2026-05-13-C,WO-100007,57,56,-1.754,True,False,1
S1,2026-05-14,A,2026-05-14-A,WO-100007,80,81,1.25,True,False,3
S1,2026-05-14,B,2026-05-14-B,WO-100007,51,51,0.0,True,False,26
S1,2026-05-14,C,2026-05-14-C,WO-100007,82,82,0.0,True,False,8
S1,2026-05-15,A,2026-05-15-A,WO-100007,58,59,1.724,True,False,18
S1,2026-05-15,B,2026-05-15-B,WO-100007,57,58,1.754,True,False,20
S1,2026-05-15,C,2026-05-15-C,WO-100007,53,53,0.0,True,False,22
S1,2026-05-16,A,2026-05-16-A,WO-100007,59,58,-1.695,True,False,30
S1,2026-05-16,B,2026-05-16-B,WO-100007,53,53,0.0,True,False,18
S1,2026-05-16,C,2026-05-16-C,WO-100007,64,64,0.0,True,False,0
S1,2026-05-17,A,2026-05-17-A,WO-100007,53,52,-1.887,True,False,31
S1,2026-05-17,B,2026-05-17-B,WO-100007,70,69,-1.429,True,False,7
S1,2026-05-17,C,2026-05-17-C,WO-100007,60,60,0.0,True,False,21
S1,2026-05-18,A,2026-05-18-A,WO-100007,61,61,0.0,True,False,31
S1,2026-05-18,B,2026-05-18-B,WO-100007,74,73,-1.351,True,False,24
S1,2026-05-18,C,2026-05-18-C,WO-100007,55,56,1.818,True,False,32
S1,2026-05-19,A,2026-05-19-A,WO-100007,62,62,0.0,True,False,36
S1,2026-05-19,B,2026-05-19-B,WO-100007,70,70,0.0,True,False,34
S1,2026-05-19,C,2026-05-19-C,WO-100007,64,63,-1.563,True,False,0
S1,2026-05-20,A,2026-05-20-A,WO-100008,59,59,0.0,True,False,9
S1,2026-05-20,B,2026-05-20-B,WO-100008,61,61,0.0,True,False,5
S1,2026-05-20,C,2026-05-20-C,WO-100008,45,46,2.222,True,False,10
S1,2026-05-21,A,2026-05-21-A,WO-100008,52,51,-1.923,True,False,33
S1,2026-05-21,B,2026-05-21-B,WO-100008,60,61,1.667,True,False,42
S1,2026-05-21,C,2026-05-21-C,WO-100008,53,54,1.887,True,False,13
S1,2026-05-22,A,2026-05-22-A,WO-100008,60,60,0.0,True,False,7
S1,2026-05-22,B,2026-05-22-B,WO-100008,60,60,0.0,True,False,12
S1,2026-05-22,C,2026-05-22-C,WO-100008,55,55,0.0,True,False,16
S1,2026-05-23,A,2026-05-23-A,WO-100008,51,52,1.961,True,False,4
S1,2026-05-23,B,2026-05-23-B,WO-100008,54,53,-1.852,True,False,10
S1,2026-05-23,C,2026-05-23-C,WO-100008,61,62,1.639,True,False,45
S1,2026-05-24,A,2026-05-24-A,WO-100008,51,50,-1.961,True,False,39
S1,2026-05-24,B,2026-05-24-B,WO-100008,83,82,-1.205,True,False,43
S1,2026-05-24,C,2026-05-24-C,WO-100008,55,54,-1.818,True,False,40
S1,2026-05-25,A,2026-05-25-A,WO-100008,69,7,-89.855,True,True,40
S1,2026-05-25,B,2026-05-25-B,WO-100008,51,51,0.0,True,False,17
S1,2026-05-25,C,2026-05-25-C,WO-100008,72,71,-1.389,True,False,19
S1,2026-05-26,A,2026-05-26-A,WO-100008,48,47,-2.083,True,False,38
S1,2026-05-26,B,2026-05-26-B,WO-100008,62,61,-1.613,True,False,18
S1,2026-05-26,C,2026-05-26-C,WO-100008,51,51,0.0,True,False,18
S1,2026-05-27,A,2026-05-27-A,WO-100009,62,62,0.0,True,False,9
S1,2026-05-27,B,2026-05-27-B,WO-100009,68,68,0.0,True,False,30
S1,2026-05-27,C,2026-05-27-C,WO-100009,56,56,0.0,True,False,12
S1,2026-05-28,A,2026-05-28-A,WO-100009,65,66,1.538,True,False,3
S1,2026-05-28,B,2026-05-28-B,WO-100009,47,47,0.0,True,False,7
S1,2026-05-28,C,2026-05-28-C,WO-100009,62,63,1.613,True,False,14
S1,2026-05-29,A,2026-05-29-A,WO-100009,67,68,1.493,True,False,2
S1,2026-05-29,B,2026-05-29-B,WO-100009,58,58,0.0,True,False,21
S1,2026-05-29,C,2026-05-29-C,WO-100009,53,53,0.0,True,False,37
S1,2026-05-30,A,2026-05-30-A,WO-100009,45,45,0.0,True,False,9
S1,2026-05-30,B,2026-05-30-B,WO-100009,60,60,0.0,True,False,42
S1,2026-05-30,C,2026-05-30-C,WO-100009,15,15,0.0,True,False,37
S2,2026-03-31,C,2026-03-31-C,,25,25,0.0,True,False,4
S2,2026-04-01,A,2026-04-01-A,WO-100001,47,46,-2.128,True,False,22
S2,2026-04-01,B,2026-04-01-B,WO-100001,63,62,-1.587,True,False,37
S2,2026-04-01,C,2026-04-01-C,WO-100001,61,60,-1.639,True,False,6
S2,2026-04-02,A,2026-04-02-A,WO-100001,59,58,-1.695,True,False,23
S2,2026-04-02,B,2026-04-02-B,WO-100001,58,59,1.724,True,False,16
S2,2026-04-02,C,2026-04-02-C,WO-100001,57,58,1.754,True,False,42
S2,2026-04-03,A,2026-04-03-A,WO-100001,63,64,1.587,True,False,1
S2,2026-04-03,B,2026-04-03-B,WO-100001,85,84,-1.176,True,False,6
S2,2026-04-03,C,2026-04-03-C,WO-100001,56,56,0.0,True,False,45
S2,2026-04-04,A,2026-04-04-A,WO-100001,55,56,1.818,True,False,21
S2,2026-04-04,B,2026-04-04-B,WO-100001,49,48,-2.041,True,False,13
S2,2026-04-04,C,2026-04-04-C,WO-100001,59,60,1.695,True,False,29
S2,2026-04-05,A,2026-04-05-A,WO-100001,59,58,-1.695,True,False,38
S2,2026-04-05,B,2026-04-05-B,WO-100001,39,39,0.0,True,False,18
S2,2026-04-05,C,2026-04-05-C,WO-100001,51,52,1.961,True,False,43
S2,2026-04-06,A,2026-04-06-A,WO-100001,46,47,2.174,True,False,25
S2,2026-04-06,B,2026-04-06-B,WO-100001,55,54,-1.818,True,False,0
S2,2026-04-06,C,2026-04-06-C,WO-100001,54,53,-1.852,True,False,9
S2,2026-04-07,A,2026-04-07-A,WO-100001,54,54,0.0,True,False,0
S2,2026-04-07,B,2026-04-07-B,WO-100001,41,40,-2.439,True,False,4
S2,2026-04-07,C,2026-04-07-C,WO-100001,54,55,1.852,True,False,10
S2,2026-04-08,A,2026-04-08-A,WO-100002,81,82,1.235,True,False,37
S2,2026-04-08,B,2026-04-08-B,WO-100002,72,71,-1.389,True,False,14
S2,2026-04-08,C,2026-04-08-C,WO-100002,52,51,-1.923,True,False,20
S2,2026-04-09,A,2026-04-09-A,WO-100002,51,50,-1.961,True,False,4
S2,2026-04-09,B,2026-04-09-B,WO-100002,49,49,0.0,True,False,32
S2,2026-04-09,C,2026-04-09-C,WO-100002,58,57,-1.724,True,False,45
S2,2026-04-10,A,2026-04-10-A,WO-100002,46,46,0.0,True,False,25
S2,2026-04-10,B,2026-04-10-B,WO-100002,47,46,-2.128,True,False,17
S2,2026-04-10,C,2026-04-10-C,WO-100002,61,61,0.0,True,False,44
S2,2026-04-11,A,2026-04-11-A,WO-100002,66,66,0.0,True,False,36
S2,2026-04-11,B,2026-04-11-B,WO-100002,61,62,1.639,True,False,11
S2,2026-04-11,C,2026-04-11-C,WO-100002,61,60,-1.639,True,False,13
S2,2026-04-12,A,2026-04-12-A,WO-100002,60,60,0.0,True,False,18
S2,2026-04-12,B,2026-04-12-B,WO-100002,67,67,0.0,True,False,35
S2,2026-04-12,C,2026-04-12-C,WO-100002,61,61,0.0,True,False,8
S2,2026-04-13,A,2026-04-13-A,WO-100002,60,59,-1.667,True,False,42
S2,2026-04-13,B,2026-04-13-B,WO-100002,64,63,-1.563,True,False,42
S2,2026-04-13,C,2026-04-13-C,WO-100002,63,63,0.0,True,False,17
S2,2026-04-14,A,2026-04-14-A,WO-100002,61,61,0.0,True,False,26
S2,2026-04-14,B,2026-04-14-B,WO-100002,52,51,-1.923,True,False,41
S2,2026-04-14,C,2026-04-14-C,WO-100002,67,66,-1.493,True,False,36
S2,2026-04-15,A,2026-04-15-A,WO-100003,70,71,1.429,True,False,33
S2,2026-04-15,B,2026-04-15-B,WO-100003,81,80,-1.235,True,False,18
S2,2026-04-15,C,2026-04-15-C,WO-100003,54,53,-1.852,True,False,14
S2,2026-04-16,A,2026-04-16-A,WO-100003,49,48,-2.041,True,False,44
S2,2026-04-16,B,2026-04-16-B,WO-100003,48,47,-2.083,True,False,28
S2,2026-04-16,C,2026-04-16-C,WO-100003,63,63,0.0,True,False,30
S2,2026-04-17,A,2026-04-17-A,WO-100003,66,65,-1.515,True,False,3
S2,2026-04-17,B,2026-04-17-B,WO-100003,57,56,-1.754,True,False,23
S2,2026-04-17,C,2026-04-17-C,WO-100003,65,66,1.538,True,False,20
S2,2026-04-18,A,2026-04-18-A,WO-100003,62,61,-1.613,True,False,27
S2,2026-04-18,B,2026-04-18-B,WO-100003,63,64,1.587,True,False,35
S2,2026-04-18,C,2026-04-18-C,WO-100003,65,64,-1.538,True,False,28
S2,2026-04-19,A,2026-04-19-A,WO-100003,69,68,-1.449,True,False,32
S2,2026-04-19,B,2026-04-19-B,WO-100003,60,61,1.667,True,False,20
S2,2026-04-19,C,2026-04-19-C,WO-100003,69,68,-1.449,True,False,43
S2,2026-04-20,A,2026-04-20-A,WO-100003,62,63,1.613,True,False,3
S2,2026-04-20,B,2026-04-20-B,WO-100003,52,53,1.923,True,False,33
S2,2026-04-20,C,2026-04-20-C,WO-100003,66,65,-1.515,True,False,25
S2,2026-04-21,A,2026-04-21-A,WO-100003,53,53,0.0,True,False,14
S2,2026-04-21,B,2026-04-21-B,WO-100003,42,43,2.381,True,False,21
S2,2026-04-21,C,2026-04-21-C,WO-100003,59,59,0.0,True,False,36
S2,2026-04-22,A,2026-04-22-A,WO-100004,60,60,0.0,True,False,42
S2,2026-04-22,B,2026-04-22-B,WO-100004,64,64,0.0,True,False,12
S2,2026-04-22,C,2026-04-22-C,WO-100004,63,64,1.587,True,False,32
S2,2026-04-23,A,2026-04-23-A,WO-100004,68,68,0.0,True,False,17
S2,2026-04-23,B,2026-04-23-B,WO-100004,57,57,0.0,True,False,4
S2,2026-04-23,C,2026-04-23-C,WO-100004,74,73,-1.351,True,False,13
S2,2026-04-24,A,2026-04-24-A,WO-100004,55,54,-1.818,True,False,36
S2,2026-04-24,B,2026-04-24-B,WO-100004,69,68,-1.449,True,False,11
S2,2026-04-24,C,2026-04-24-C,WO-100004,68,68,0.0,True,False,27
S2,2026-04-25,A,2026-04-25-A,WO-100004,69,70,1.449,True,False,22
S2,2026-04-25,B,2026-04-25-B,WO-100004,74,73,-1.351,True,False,33
S2,2026-04-25,C,2026-04-25-C,WO-100004,62,62,0.0,True,False,35
S2,2026-04-26,A,2026-04-26-A,WO-100004,62,63,1.613,True,False,41
S2,2026-04-26,B,2026-04-26-B,WO-100004,52,52,0.0,True,False,42
S2,2026-04-26,C,2026-04-26-C,WO-100004,41,41,0.0,True,False,25
S2,2026-04-27,A,2026-04-27-A,WO-100004,59,60,1.695,True,False,20
S2,2026-04-27,B,2026-04-27-B,WO-100004,62,61,-1.613,True,False,19
S2,2026-04-27,C,2026-04-27-C,WO-100004,51,52,1.961,True,False,35
S2,2026-04-28,A,2026-04-28-A,WO-100004,63,63,0.0,True,False,25
S2,2026-04-28,B,2026-04-28-B,WO-100004,49,48,-2.041,True,False,5
S2,2026-04-28,C,2026-04-28-C,WO-100004,68,67,-1.471,True,False,35
S2,2026-04-29,A,2026-04-29-A,WO-100005,53,54,1.887,True,False,14
S2,2026-04-29,B,2026-04-29-B,WO-100005,74,75,1.351,True,False,1
S2,2026-04-29,C,2026-04-29-C,WO-100005,60,60,0.0,True,False,41
S2,2026-04-30,A,2026-04-30-A,WO-100005,70,69,-1.429,True,False,25
S2,2026-04-30,B,2026-04-30-B,WO-100005,52,51,-1.923,True,False,4
S2,2026-04-30,C,2026-04-30-C,WO-100005,50,49,-2.0,True,False,33
S2,2026-05-01,A,2026-05-01-A,WO-100005,52,52,0.0,True,False,2
S2,2026-05-01,B,2026-05-01-B,WO-100005,77,77,0.0,True,False,2
S2,2026-05-01,C,2026-05-01-C,WO-100005,65,64,-1.538,True,False,32
S2,2026-05-02,A,2026-05-02-A,WO-100005,55,54,-1.818,True,False,10
S2,2026-05-02,B,2026-05-02-B,WO-100005,55,55,0.0,True,False,39
S2,2026-05-02,C,2026-05-02-C,WO-100005,44,45,2.273,True,False,18
S2,2026-05-03,A,2026-05-03-A,WO-100005,56,56,0.0,True,False,28
S2,2026-05-03,B,2026-05-03-B,WO-100005,58,59,1.724,True,False,29
S2,2026-05-03,C,2026-05-03-C,WO-100005,49,50,2.041,True,False,18
S2,2026-05-04,A,2026-05-04-A,WO-100005,50,50,0.0,True,False,4
S2,2026-05-04,B,2026-05-04-B,WO-100005,48,48,0.0,True,False,13
S2,2026-05-04,C,2026-05-04-C,WO-100005,57,56,-1.754,True,False,28
S2,2026-05-05,A,2026-05-05-A,WO-100005,62,62,0.0,True,False,8
S2,2026-05-05,B,2026-05-05-B,WO-100005,65,64,-1.538,True,False,43
S2,2026-05-05,C,2026-05-05-C,WO-100005,42,41,-2.381,True,False,3
S2,2026-05-06,A,2026-05-06-A,WO-100006,50,49,-2.0,True,False,37
S2,2026-05-06,B,2026-05-06-B,WO-100006,56,56,0.0,True,False,1
S2,2026-05-06,C,2026-05-06-C,WO-100006,59,58,-1.695,True,False,29
S2,2026-05-07,A,2026-05-07-A,WO-100006,61,60,-1.639,True,False,41
S2,2026-05-07,B,2026-05-07-B,WO-100006,63,64,1.587,True,False,18
S2,2026-05-07,C,2026-05-07-C,WO-100006,56,55,-1.786,True,False,22
S2,2026-05-08,A,2026-05-08-A,WO-100006,65,65,0.0,True,False,21
S2,2026-05-08,B,2026-05-08-B,WO-100006,57,56,-1.754,True,False,19
S2,2026-05-08,C,2026-05-08-C,WO-100006,60,60,0.0,True,False,12
S2,2026-05-09,A,2026-05-09-A,WO-100006,59,59,0.0,True,False,12
S2,2026-05-09,B,2026-05-09-B,WO-100006,73,73,0.0,True,False,36
S2,2026-05-09,C,2026-05-09-C,WO-100006,48,49,2.083,True,False,22
S2,2026-05-10,A,2026-05-10-A,WO-100006,64,64,0.0,True,False,12
S2,2026-05-10,B,2026-05-10-B,WO-100006,61,60,-1.639,True,False,34
S2,2026-05-10,C,2026-05-10-C,WO-100006,42,42,0.0,True,False,7
S2,2026-05-11,A,2026-05-11-A,WO-100006,65,66,1.538,True,False,13
S2,2026-05-11,B,2026-05-11-B,WO-100006,53,52,-1.887,True,False,2
S2,2026-05-11,C,2026-05-11-C,WO-100006,61,60,-1.639,True,False,6
S2,2026-05-12,A,2026-05-12-A,WO-100006,67,68,1.493,True,False,38
S2,2026-05-12,B,2026-05-12-B,WO-100006,61,62,1.639,True,False,1
S2,2026-05-12,C,2026-05-12-C,WO-100006,77,78,1.299,True,False,14
S2,2026-05-13,A,2026-05-13-A,WO-100007,59,60,1.695,True,False,15
S2,2026-05-13,B,2026-05-13-B,WO-100007,68,69,1.471,True,False,30
S2,2026-05-13,C,2026-05-13-C,WO-100007,61,60,-1.639,True,False,8
S2,2026-05-14,A,2026-05-14-A,WO-100007,60,61,1.667,True,False,32
S2,2026-05-14,B,2026-05-14-B,WO-100007,55,54,-1.818,True,False,29
S2,2026-05-14,C,2026-05-14-C,WO-100007,47,48,2.128,True,False,42
S2,2026-05-15,A,2026-05-15-A,WO-100007,56,55,-1.786,True,False,6
S2,2026-05-15,B,2026-05-15-B,WO-100007,54,54,0.0,True,False,38
S2,2026-05-15,C,2026-05-15-C,WO-100007,49,49,0.0,True,False,20
S2,2026-05-16,A,2026-05-16-A,WO-100007,51,50,-1.961,True,False,27
S2,2026-05-16,B,2026-05-16-B,WO-100007,55,56,1.818,True,False,25
S2,2026-05-16,C,2026-05-16-C,WO-100007,59,59,0.0,True,False,16
S2,2026-05-17,A,2026-05-17-A,WO-100007,74,75,1.351,True,False,8
S2,2026-05-17,B,2026-05-17-B,WO-100007,58,58,0.0,True,False,38
S2,2026-05-17,C,2026-05-17-C,WO-100007,51,50,-1.961,True,False,37
S2,2026-05-18,A,2026-05-18-A,WO-100007,57,58,1.754,True,False,13
S2,2026-05-18,B,2026-05-18-B,WO-100007,50,51,2.0,True,False,10
S2,2026-05-18,C,2026-05-18-C,WO-100007,47,46,-2.128,True,False,41
S2,2026-05-19,A,2026-05-19-A,WO-100007,72,71,-1.389,True,False,27
S2,2026-05-19,B,2026-05-19-B,WO-100007,68,69,1.471,True,False,29
S2,2026-05-19,C,2026-05-19-C,WO-100007,55,56,1.818,True,False,43
S2,2026-05-20,A,2026-05-20-A,WO-100008,59,58,-1.695,True,False,27
S2,2026-05-20,B,2026-05-20-B,WO-100008,56,55,-1.786,True,False,33
S2,2026-05-20,C,2026-05-20-C,WO-100008,66,65,-1.515,True,False,20
S2,2026-05-21,A,2026-05-21-A,WO-100008,66,66,0.0,True,False,18
S2,2026-05-21,B,2026-05-21-B,WO-100008,47,48,2.128,True,False,32
S2,2026-05-21,C,2026-05-21-C,WO-100008,72,71,-1.389,True,False,21
S2,2026-05-22,A,2026-05-22-A,WO-100008,52,53,1.923,True,False,3
S2,2026-05-22,B,2026-05-22-B,WO-100008,60,61,1.667,True,False,16
S2,2026-05-22,C,2026-05-22-C,WO-100008,45,46,2.222,True,False,9
S2,2026-05-23,A,2026-05-23-A,WO-100008,60,61,1.667,True,False,29
S2,2026-05-23,B,2026-05-23-B,WO-100008,47,47,0.0,True,False,25
S2,2026-05-23,C,2026-05-23-C,WO-100008,50,51,2.0,True,False,40
S2,2026-05-24,A,2026-05-24-A,WO-100008,62,62,0.0,True,False,11
S2,2026-05-24,B,2026-05-24-B,WO-100008,71,71,0.0,True,False,31
S2,2026-05-24,C,2026-05-24-C,WO-100008,67,66,-1.493,True,False,44
S2,2026-05-25,A,2026-05-25-A,WO-100008,69,70,1.449,True,False,15
S2,2026-05-25,B,2026-05-25-B,WO-100008,64,64,0.0,True,False,12
S2,2026-05-25,C,2026-05-25-C,WO-100008,50,49,-2.0,True,False,35
S2,2026-05-26,A,2026-05-26-A,WO-100008,58,59,1.724,True,False,39
S2,2026-05-26,B,2026-05-26-B,WO-100008,55,56,1.818,True,False,42
S2,2026-05-26,C,2026-05-26-C,WO-100008,61,60,-1.639,True,False,22
S2,2026-05-27,A,2026-05-27-A,WO-100009,58,59,1.724,True,False,43
S2,2026-05-27,B,2026-05-27-B,WO-100009,58,57,-1.724,True,False,2
S2,2026-05-27,C,2026-05-27-C,WO-100009,53,53,0.0,True,False,33
S2,2026-05-28,A,2026-05-28-A,WO-100009,49,49,0.0,True,False,33
S2,2026-05-28,B,2026-05-28-B,WO-100009,54,54,0.0,True,False,38
S2,2026-05-28,C,2026-05-28-C,WO-100009,46,47,2.174,True,False,41
S2,2026-05-29,A,2026-05-29-A,WO-100009,47,46,-2.128,True,False,24
S2,2026-05-29,B,2026-05-29-B,WO-100009,53,52,-1.887,True,False,39
S2,2026-05-29,C,2026-05-29-C,WO-100009,61,61,0.0,True,False,28
S2,2026-05-30,A,2026-05-30-A,WO-100009,76,75,-1.316,True,False,21
S2,2026-05-30,B,2026-05-30-B,WO-100009,67,67,0.0,True,False,20
S2,2026-05-30,C,2026-05-30-C,WO-100009,8,8,0.0,True,False,39
S3,2026-03-31,C,2026-03-31-C,,49,48,-2.041,True,False,22
S3,2026-04-01,A,2026-04-01-A,WO-100001,54,53,-1.852,True,False,18
S3,2026-04-01,B,2026-04-01-B,WO-100001,67,66,-1.493,True,False,39
S3,2026-04-01,C,2026-04-01-C,WO-100001,64,65,1.563,True,False,43
S3,2026-04-02,A,2026-04-02-A,WO-100001,69,69,0.0,True,False,44
S3,2026-04-02,B,2026-04-02-B,WO-100001,65,66,1.538,True,False,30
S3,2026-04-02,C,2026-04-02-C,WO-100001,70,70,0.0,True,False,15
S3,2026-04-03,A,2026-04-03-A,WO-100001,62,63,1.613,True,False,11
S3,2026-04-03,B,2026-04-03-B,WO-100001,52,53,1.923,True,False,30
S3,2026-04-03,C,2026-04-03-C,WO-100001,67,68,1.493,True,False,39
S3,2026-04-04,A,2026-04-04-A,WO-100001,58,58,0.0,True,False,3
S3,2026-04-04,B,2026-04-04-B,WO-100001,71,70,-1.408,True,False,7
S3,2026-04-04,C,2026-04-04-C,WO-100001,49,48,-2.041,True,False,34
S3,2026-04-05,A,2026-04-05-A,WO-100001,54,55,1.852,True,False,24
S3,2026-04-05,B,2026-04-05-B,WO-100001,59,59,0.0,True,False,14
S3,2026-04-05,C,2026-04-05-C,WO-100001,51,50,-1.961,True,False,5
S3,2026-04-06,A,2026-04-06-A,WO-100001,53,52,-1.887,True,False,4
S3,2026-04-06,B,2026-04-06-B,WO-100001,54,54,0.0,True,False,2
S3,2026-04-06,C,2026-04-06-C,WO-100001,67,68,1.493,True,False,20
S3,2026-04-07,A,2026-04-07-A,WO-100001,62,63,1.613,True,False,35
S3,2026-04-07,B,2026-04-07-B,WO-100001,60,60,0.0,True,False,5
S3,2026-04-07,C,2026-04-07-C,WO-100001,72,71,-1.389,True,False,5
S3,2026-04-08,A,2026-04-08-A,WO-100002,67,67,0.0,True,False,6
S3,2026-04-08,B,2026-04-08-B,WO-100002,59,58,-1.695,True,False,24
S3,2026-04-08,C,2026-04-08-C,WO-100002,76,77,1.316,True,False,28
S3,2026-04-09,A,2026-04-09-A,WO-100002,58,58,0.0,True,False,33
S3,2026-04-09,B,2026-04-09-B,WO-100002,55,56,1.818,True,False,27
S3,2026-04-09,C,2026-04-09-C,WO-100002,64,63,-1.563,True,False,12
S3,2026-04-10,A,2026-04-10-A,WO-100002,65,66,1.538,True,False,6
S3,2026-04-10,B,2026-04-10-B,WO-100002,52,51,-1.923,True,False,29
S3,2026-04-10,C,2026-04-10-C,WO-100002,65,64,-1.538,True,False,36
S3,2026-04-11,A,2026-04-11-A,WO-100002,49,50,2.041,True,False,27
S3,2026-04-11,B,2026-04-11-B,WO-100002,64,64,0.0,True,False,3
S3,2026-04-11,C,2026-04-11-C,WO-100002,63,63,0.0,True,False,30
S3,2026-04-12,A,2026-04-12-A,WO-100002,70,70,0.0,True,False,17
S3,2026-04-12,B,2026-04-12-B,WO-100002,63,64,1.587,True,False,41
S3,2026-04-12,C,2026-04-12-C,WO-100002,77,78,1.299,True,False,23
S3,2026-04-13,A,2026-04-13-A,WO-100002,62,62,0.0,True,False,22
S3,2026-04-13,B,2026-04-13-B,WO-100002,73,72,-1.37,True,False,37
S3,2026-04-13,C,2026-04-13-C,WO-100002,63,63,0.0,True,False,14
S3,2026-04-14,A,2026-04-14-A,WO-100002,58,58,0.0,True,False,9
S3,2026-04-14,B,2026-04-14-B,WO-100002,43,44,2.326,True,False,42
S3,2026-04-14,C,2026-04-14-C,WO-100002,59,58,-1.695,True,False,43
S3,2026-04-15,A,2026-04-15-A,WO-100003,44,45,2.273,True,False,10
S3,2026-04-15,B,2026-04-15-B,WO-100003,53,52,-1.887,True,False,3
S3,2026-04-15,C,2026-04-15-C,WO-100003,57,58,1.754,True,False,29
S3,2026-04-16,A,2026-04-16-A,WO-100003,64,64,0.0,True,False,2
S3,2026-04-16,B,2026-04-16-B,WO-100003,67,67,0.0,True,False,20
S3,2026-04-16,C,2026-04-16-C,WO-100003,63,62,-1.587,True,False,21
S3,2026-04-17,A,2026-04-17-A,WO-100003,64,63,-1.563,True,False,21
S3,2026-04-17,B,2026-04-17-B,WO-100003,65,66,1.538,True,False,19
S3,2026-04-17,C,2026-04-17-C,WO-100003,45,45,0.0,True,False,0
S3,2026-04-18,A,2026-04-18-A,WO-100003,60,61,1.667,True,False,8
S3,2026-04-18,B,2026-04-18-B,WO-100003,52,53,1.923,True,False,28
S3,2026-04-18,C,2026-04-18-C,WO-100003,57,56,-1.754,True,False,34
S3,2026-04-19,A,2026-04-19-A,WO-100003,62,61,-1.613,True,False,28
S3,2026-04-19,B,2026-04-19-B,WO-100003,50,50,0.0,True,False,35
S3,2026-04-19,C,2026-04-19-C,WO-100003,57,58,1.754,True,False,2
S3,2026-04-20,A,2026-04-20-A,WO-100003,62,61,-1.613,True,False,14
S3,2026-04-20,B,2026-04-20-B,WO-100003,47,46,-2.128,True,False,19
S3,2026-04-20,C,2026-04-20-C,WO-100003,64,63,-1.563,True,False,34
S3,2026-04-21,A,2026-04-21-A,WO-100003,66,65,-1.515,True,False,36
S3,2026-04-21,B,2026-04-21-B,WO-100003,61,62,1.639,True,False,36
S3,2026-04-21,C,2026-04-21-C,WO-100003,52,52,0.0,True,False,13
S3,2026-04-22,A,2026-04-22-A,WO-100004,55,54,-1.818,True,False,30
S3,2026-04-22,B,2026-04-22-B,WO-100004,48,49,2.083,True,False,16
S3,2026-04-22,C,2026-04-22-C,WO-100004,51,51,0.0,True,False,30
S3,2026-04-23,A,2026-04-23-A,WO-100004,58,59,1.724,True,False,32
S3,2026-04-23,B,2026-04-23-B,WO-100004,49,48,-2.041,True,False,24
S3,2026-04-23,C,2026-04-23-C,WO-100004,54,55,1.852,True,False,44
S3,2026-04-24,A,2026-04-24-A,WO-100004,52,53,1.923,True,False,9
S3,2026-04-24,B,2026-04-24-B,WO-100004,51,52,1.961,True,False,40
S3,2026-04-24,C,2026-04-24-C,WO-100004,58,58,0.0,True,False,37
S3,2026-04-25,A,2026-04-25-A,WO-100004,71,70,-1.408,True,False,14
S3,2026-04-25,B,2026-04-25-B,WO-100004,74,75,1.351,True,False,33
S3,2026-04-25,C,2026-04-25-C,WO-100004,73,74,1.37,True,False,31
S3,2026-04-26,A,2026-04-26-A,WO-100004,73,73,0.0,True,False,19
S3,2026-04-26,B,2026-04-26-B,WO-100004,52,53,1.923,True,False,22
S3,2026-04-26,C,2026-04-26-C,WO-100004,53,53,0.0,True,False,18
S3,2026-04-27,A,2026-04-27-A,WO-100004,49,48,-2.041,True,False,23
S3,2026-04-27,B,2026-04-27-B,WO-100004,53,53,0.0,True,False,31
S3,2026-04-27,C,2026-04-27-C,WO-100004,54,55,1.852,True,False,45
S3,2026-04-28,A,2026-04-28-A,WO-100004,52,51,-1.923,True,False,19
S3,2026-04-28,B,2026-04-28-B,WO-100004,56,57,1.786,True,False,40
S3,2026-04-28,C,2026-04-28-C,WO-100004,60,59,-1.667,True,False,14
S3,2026-04-29,A,2026-04-29-A,WO-100005,60,59,-1.667,True,False,44
S3,2026-04-29,B,2026-04-29-B,WO-100005,60,60,0.0,True,False,12
S3,2026-04-29,C,2026-04-29-C,WO-100005,49,49,0.0,True,False,44
S3,2026-04-30,A,2026-04-30-A,WO-100005,45,44,-2.222,True,False,43
S3,2026-04-30,B,2026-04-30-B,WO-100005,55,55,0.0,True,False,16
S3,2026-04-30,C,2026-04-30-C,WO-100005,55,54,-1.818,True,False,4
S3,2026-05-01,A,2026-05-01-A,WO-100005,50,50,0.0,True,False,16
S3,2026-05-01,B,2026-05-01-B,WO-100005,52,53,1.923,True,False,45
S3,2026-05-01,C,2026-05-01-C,WO-100005,54,53,-1.852,True,False,5
S3,2026-05-02,A,2026-05-02-A,WO-100005,51,50,-1.961,True,False,18
S3,2026-05-02,B,2026-05-02-B,WO-100005,48,47,-2.083,True,False,29
S3,2026-05-02,C,2026-05-02-C,WO-100005,55,54,-1.818,True,False,25
S3,2026-05-03,A,2026-05-03-A,WO-100005,70,69,-1.429,True,False,10
S3,2026-05-03,B,2026-05-03-B,WO-100005,57,57,0.0,True,False,3
S3,2026-05-03,C,2026-05-03-C,WO-100005,52,53,1.923,True,False,6
S3,2026-05-04,A,2026-05-04-A,WO-100005,57,58,1.754,True,False,36
S3,2026-05-04,B,2026-05-04-B,WO-100005,57,56,-1.754,True,False,4
S3,2026-05-04,C,2026-05-04-C,WO-100005,61,60,-1.639,True,False,1
S3,2026-05-05,A,2026-05-05-A,WO-100005,54,54,0.0,True,False,3
S3,2026-05-05,B,2026-05-05-B,WO-100005,69,70,1.449,True,False,15
S3,2026-05-05,C,2026-05-05-C,WO-100005,54,54,0.0,True,False,29
S3,2026-05-06,A,2026-05-06-A,WO-100006,61,62,1.639,True,False,16
S3,2026-05-06,B,2026-05-06-B,WO-100006,45,45,0.0,True,False,14
S3,2026-05-06,C,2026-05-06-C,WO-100006,67,68,1.493,True,False,45
S3,2026-05-07,A,2026-05-07-A,WO-100006,54,54,0.0,True,False,39
S3,2026-05-07,B,2026-05-07-B,WO-100006,59,60,1.695,True,False,14
S3,2026-05-07,C,2026-05-07-C,WO-100006,50,49,-2.0,True,False,42
S3,2026-05-08,A,2026-05-08-A,WO-100006,53,52,-1.887,True,False,29
S3,2026-05-08,B,2026-05-08-B,WO-100006,57,57,0.0,True,False,25
S3,2026-05-08,C,2026-05-08-C,WO-100006,52,52,0.0,True,False,11
S3,2026-05-09,A,2026-05-09-A,WO-100006,46,47,2.174,True,False,37
S3,2026-05-09,B,2026-05-09-B,WO-100006,68,68,0.0,True,False,26
S3,2026-05-09,C,2026-05-09-C,WO-100006,69,69,0.0,True,False,17
S3,2026-05-10,A,2026-05-10-A,WO-100006,44,45,2.273,True,False,29
S3,2026-05-10,B,2026-05-10-B,WO-100006,52,52,0.0,True,False,0
S3,2026-05-10,C,2026-05-10-C,WO-100006,60,61,1.667,True,False,27
S3,2026-05-11,A,2026-05-11-A,WO-100006,43,42,-2.326,True,False,32
S3,2026-05-11,B,2026-05-11-B,WO-100006,51,52,1.961,True,False,1
S3,2026-05-11,C,2026-05-11-C,WO-100006,57,56,-1.754,True,False,3
S3,2026-05-12,A,2026-05-12-A,WO-100006,64,65,1.563,True,False,7
S3,2026-05-12,B,2026-05-12-B,WO-100006,49,50,2.041,True,False,36
S3,2026-05-12,C,2026-05-12-C,WO-100006,52,53,1.923,True,False,39
S3,2026-05-13,A,2026-05-13-A,WO-100007,62,63,1.613,True,False,2
S3,2026-05-13,B,2026-05-13-B,WO-100007,63,62,-1.587,True,False,24
S3,2026-05-13,C,2026-05-13-C,WO-100007,55,54,-1.818,True,False,13
S3,2026-05-14,A,2026-05-14-A,WO-100007,61,62,1.639,True,False,35
S3,2026-05-14,B,2026-05-14-B,WO-100007,48,49,2.083,True,False,1
S3,2026-05-14,C,2026-05-14-C,WO-100007,52,52,0.0,True,False,25
S3,2026-05-15,A,2026-05-15-A,WO-100007,73,74,1.37,True,False,25
S3,2026-05-15,B,2026-05-15-B,WO-100007,74,74,0.0,True,False,1
S3,2026-05-15,C,2026-05-15-C,WO-100007,56,55,-1.786,True,False,20
S3,2026-05-16,A,2026-05-16-A,WO-100007,75,74,-1.333,True,False,38
S3,2026-05-16,B,2026-05-16-B,WO-100007,58,59,1.724,True,False,16
S3,2026-05-16,C,2026-05-16-C,WO-100007,49,49,0.0,True,False,32
S3,2026-05-17,A,2026-05-17-A,WO-100007,73,73,0.0,True,False,23
S3,2026-05-17,B,2026-05-17-B,WO-100007,67,67,0.0,True,False,2
S3,2026-05-17,C,2026-05-17-C,WO-100007,72,73,1.389,True,False,40
S3,2026-05-18,A,2026-05-18-A,WO-100007,64,63,-1.563,True,False,35
S3,2026-05-18,B,2026-05-18-B,WO-100007,63,63,0.0,True,False,29
S3,2026-05-18,C,2026-05-18-C,WO-100007,45,44,-2.222,True,False,30
S3,2026-05-19,A,2026-05-19-A,WO-100007,66,66,0.0,True,False,31
S3,2026-05-19,B,2026-05-19-B,WO-100007,69,69,0.0,True,False,19
S3,2026-05-19,C,2026-05-19-C,WO-100007,49,48,-2.041,True,False,40
S3,2026-05-20,A,2026-05-20-A,WO-100008,61,61,0.0,True,False,25
S3,2026-05-20,B,2026-05-20-B,WO-100008,51,51,0.0,True,False,28
S3,2026-05-20,C,2026-05-20-C,WO-100008,70,71,1.429,True,False,27
S3,2026-05-21,A,2026-05-21-A,WO-100008,54,53,-1.852,True,False,21
S3,2026-05-21,B,2026-05-21-B,WO-100008,65,66,1.538,True,False,15
S3,2026-05-21,C,2026-05-21-C,WO-100008,66,65,-1.515,True,False,14
S3,2026-05-22,A,2026-05-22-A,WO-100008,60,61,1.667,True,False,28
S3,2026-05-22,B,2026-05-22-B,WO-100008,59,60,1.695,True,False,5
S3,2026-05-22,C,2026-05-22-C,WO-100008,64,64,0.0,True,False,14
S3,2026-05-23,A,2026-05-23-A,WO-100008,62,61,-1.613,True,False,28
S3,2026-05-23,B,2026-05-23-B,WO-100008,61,60,-1.639,True,False,42
S3,2026-05-23,C,2026-05-23-C,WO-100008,68,67,-1.471,True,False,22
S3,2026-05-24,A,2026-05-24-A,WO-100008,47,47,0.0,True,False,3
S3,2026-05-24,B,2026-05-24-B,WO-100008,54,53,-1.852,True,False,24
S3,2026-05-24,C,2026-05-24-C,WO-100008,58,57,-1.724,True,False,15
S3,2026-05-25,A,2026-05-25-A,WO-100008,60,59,-1.667,True,False,44
S3,2026-05-25,B,2026-05-25-B,WO-100008,49,50,2.041,True,False,2
S3,2026-05-25,C,2026-05-25-C,WO-100008,60,60,0.0,True,False,44
S3,2026-05-26,A,2026-05-26-A,WO-100008,57,57,0.0,True,False,18
S3,2026-05-26,B,2026-05-26-B,WO-100008,47,46,-2.128,True,False,2
S3,2026-05-26,C,2026-05-26-C,WO-100008,55,56,1.818,True,False,23
S3,2026-05-27,A,2026-05-27-A,WO-100009,54,53,-1.852,True,False,37
S3,2026-05-27,B,2026-05-27-B,WO-100009,48,49,2.083,True,False,34
S3,2026-05-27,C,2026-05-27-C,WO-100009,57,58,1.754,True,False,34
S3,2026-05-28,A,2026-05-28-A,WO-100009,51,52,1.961,True,False,1
S3,2026-05-28,B,2026-05-28-B,WO-100009,57,58,1.754,True,False,12
S3,2026-05-28,C,2026-05-28-C,WO-100009,53,53,0.0,True,False,27
S3,2026-05-29,A,2026-05-29-A,WO-100009,51,51,0.0,True,False,22
S3,2026-05-29,B,2026-05-29-B,WO-100009,50,51,2.0,True,False,15
S3,2026-05-29,C,2026-05-29-C,WO-100009,50,51,2.0,True,False,4
S3,2026-05-30,A,2026-05-30-A,WO-100009,62,61,-1.613,True,False,22
S3,2026-05-30,B,2026-05-30-B,WO-100009,53,53,0.0,True,False,0
S3,2026-05-30,C,2026-05-30-C,WO-100009,24,24,0.0,True,False,21
S4,2026-03-31,C,2026-03-31-C,,52,51,-1.923,True,False,23
S4,2026-04-01,A,2026-04-01-A,WO-100010,68,68,0.0,True,False,28
S4,2026-04-01,B,2026-04-01-B,WO-100010,61,62,1.639,True,False,34
S4,2026-04-01,C,2026-04-01-C,WO-100010,70,71,1.429,True,False,11
S4,2026-04-02,A,2026-04-02-A,WO-100010,66,65,-1.515,True,False,28
S4,2026-04-02,B,2026-04-02-B,WO-100010,63,63,0.0,True,False,33
S4,2026-04-02,C,2026-04-02-C,WO-100010,60,59,-1.667,True,False,22
S4,2026-04-03,A,2026-04-03-A,WO-100010,55,54,-1.818,True,False,25
S4,2026-04-03,B,2026-04-03-B,WO-100010,57,56,-1.754,True,False,27
S4,2026-04-03,C,2026-04-03-C,WO-100010,69,69,0.0,True,False,30
S4,2026-04-04,A,2026-04-04-A,WO-100010,73,74,1.37,True,False,11
S4,2026-04-04,B,2026-04-04-B,WO-100010,64,63,-1.563,True,False,25
S4,2026-04-04,C,2026-04-04-C,WO-100010,63,62,-1.587,True,False,44
S4,2026-04-05,A,2026-04-05-A,WO-100010,76,75,-1.316,True,False,12
S4,2026-04-05,B,2026-04-05-B,WO-100010,66,65,-1.515,True,False,15
S4,2026-04-05,C,2026-04-05-C,WO-100010,65,65,0.0,True,False,36
S4,2026-04-06,A,2026-04-06-A,WO-100010,59,59,0.0,True,False,6
S4,2026-04-06,B,2026-04-06-B,WO-100010,61,60,-1.639,True,False,7
S4,2026-04-06,C,2026-04-06-C,WO-100010,59,58,-1.695,True,False,10
S4,2026-04-07,A,2026-04-07-A,WO-100010,56,57,1.786,True,False,35
S4,2026-04-07,B,2026-04-07-B,WO-100010,53,54,1.887,True,False,17
S4,2026-04-07,C,2026-04-07-C,WO-100010,61,62,1.639,True,False,8
S4,2026-04-08,A,2026-04-08-A,WO-100011,80,79,-1.25,True,False,26
S4,2026-04-08,B,2026-04-08-B,WO-100011,67,67,0.0,True,False,28
S4,2026-04-08,C,2026-04-08-C,WO-100011,62,61,-1.613,True,False,14
S4,2026-04-09,A,2026-04-09-A,WO-100011,66,67,1.515,True,False,20
S4,2026-04-09,B,2026-04-09-B,WO-100011,70,70,0.0,True,False,14
S4,2026-04-09,C,2026-04-09-C,WO-100011,60,6,-90.0,True,True,37
S4,2026-04-10,A,2026-04-10-A,WO-100011,67,66,-1.493,True,False,5
S4,2026-04-10,B,2026-04-10-B,WO-100011,55,55,0.0,True,False,15
S4,2026-04-10,C,2026-04-10-C,WO-100011,60,59,-1.667,True,False,32
S4,2026-04-11,A,2026-04-11-A,WO-100011,49,50,2.041,True,False,32
S4,2026-04-11,B,2026-04-11-B,WO-100011,67,68,1.493,True,False,25
S4,2026-04-11,C,2026-04-11-C,WO-100011,57,57,0.0,True,False,43
S4,2026-04-12,A,2026-04-12-A,WO-100011,63,64,1.587,True,False,32
S4,2026-04-12,B,2026-04-12-B,WO-100011,62,63,1.613,True,False,33
S4,2026-04-12,C,2026-04-12-C,WO-100011,71,71,0.0,True,False,24
S4,2026-04-13,A,2026-04-13-A,WO-100011,61,61,0.0,True,False,39
S4,2026-04-13,B,2026-04-13-B,WO-100011,53,54,1.887,True,False,1
S4,2026-04-13,C,2026-04-13-C,WO-100011,54,53,-1.852,True,False,39
S4,2026-04-14,A,2026-04-14-A,WO-100011,61,60,-1.639,True,False,35
S4,2026-04-14,B,2026-04-14-B,WO-100011,74,75,1.351,True,False,19
S4,2026-04-14,C,2026-04-14-C,WO-100011,63,63,0.0,True,False,41
S4,2026-04-15,A,2026-04-15-A,WO-100012,43,44,2.326,True,False,15
S4,2026-04-15,B,2026-04-15-B,WO-100012,55,55,0.0,True,False,19
S4,2026-04-15,C,2026-04-15-C,WO-100012,59,60,1.695,True,False,30
S4,2026-04-16,A,2026-04-16-A,WO-100012,54,54,0.0,True,False,26
S4,2026-04-16,B,2026-04-16-B,WO-100012,51,51,0.0,True,False,16
S4,2026-04-16,C,2026-04-16-C,WO-100012,53,52,-1.887,True,False,39
S4,2026-04-17,A,2026-04-17-A,WO-100012,54,55,1.852,True,False,2
S4,2026-04-17,B,2026-04-17-B,WO-100012,66,67,1.515,True,False,34
S4,2026-04-17,C,2026-04-17-C,WO-100012,66,65,-1.515,True,False,9
S4,2026-04-18,A,2026-04-18-A,WO-100012,47,47,0.0,True,False,17
S4,2026-04-18,B,2026-04-18-B,WO-100012,55,54,-1.818,True,False,11
S4,2026-04-18,C,2026-04-18-C,WO-100012,70,69,-1.429,True,False,35
S4,2026-04-19,A,2026-04-19-A,WO-100012,71,70,-1.408,True,False,35
S4,2026-04-19,B,2026-04-19-B,WO-100012,55,56,1.818,True,False,42
S4,2026-04-19,C,2026-04-19-C,WO-100012,51,52,1.961,True,False,42
S4,2026-04-20,A,2026-04-20-A,WO-100012,68,67,-1.471,True,False,13
S4,2026-04-20,B,2026-04-20-B,WO-100012,62,62,0.0,True,False,0
S4,2026-04-20,C,2026-04-20-C,WO-100012,72,73,1.389,True,False,41
S4,2026-04-21,A,2026-04-21-A,WO-100012,57,56,-1.754,True,False,42
S4,2026-04-21,B,2026-04-21-B,WO-100012,43,43,0.0,True,False,23
S4,2026-04-21,C,2026-04-21-C,WO-100012,73,72,-1.37,True,False,28
S4,2026-04-22,A,2026-04-22-A,WO-100013,57,56,-1.754,True,False,15
S4,2026-04-22,B,2026-04-22-B,WO-100013,62,62,0.0,True,False,16
S4,2026-04-22,C,2026-04-22-C,WO-100013,63,63,0.0,True,False,9
S4,2026-04-23,A,2026-04-23-A,WO-100013,72,72,0.0,True,False,14
S4,2026-04-23,B,2026-04-23-B,WO-100013,61,60,-1.639,True,False,7
S4,2026-04-23,C,2026-04-23-C,WO-100013,65,65,0.0,True,False,45
S4,2026-04-24,A,2026-04-24-A,WO-100013,63,62,-1.587,True,False,39
S4,2026-04-24,B,2026-04-24-B,WO-100013,61,62,1.639,True,False,33
S4,2026-04-24,C,2026-04-24-C,WO-100013,54,54,0.0,True,False,7
S4,2026-04-25,A,2026-04-25-A,WO-100013,52,53,1.923,True,False,19
S4,2026-04-25,B,2026-04-25-B,WO-100013,51,52,1.961,True,False,43
S4,2026-04-25,C,2026-04-25-C,WO-100013,59,59,0.0,True,False,17
S4,2026-04-26,A,2026-04-26-A,WO-100013,50,51,2.0,True,False,3
S4,2026-04-26,B,2026-04-26-B,WO-100013,52,53,1.923,True,False,43
S4,2026-04-26,C,2026-04-26-C,WO-100013,57,57,0.0,True,False,42
S4,2026-04-27,A,2026-04-27-A,WO-100013,58,58,0.0,True,False,5
S4,2026-04-27,B,2026-04-27-B,WO-100013,44,45,2.273,True,False,23
S4,2026-04-27,C,2026-04-27-C,WO-100013,62,61,-1.613,True,False,28
S4,2026-04-28,A,2026-04-28-A,WO-100013,67,67,0.0,True,False,44
S4,2026-04-28,B,2026-04-28-B,WO-100013,57,58,1.754,True,False,24
S4,2026-04-28,C,2026-04-28-C,WO-100013,55,54,-1.818,True,False,29
S4,2026-04-29,A,2026-04-29-A,WO-100014,48,48,0.0,True,False,20
S4,2026-04-29,B,2026-04-29-B,WO-100014,52,52,0.0,True,False,31
S4,2026-04-29,C,2026-04-29-C,WO-100014,62,63,1.613,True,False,42
S4,2026-04-30,A,2026-04-30-A,WO-100014,61,60,-1.639,True,False,15
S4,2026-04-30,B,2026-04-30-B,WO-100014,75,75,0.0,True,False,8
S4,2026-04-30,C,2026-04-30-C,WO-100014,66,65,-1.515,True,False,9
S4,2026-05-01,A,2026-05-01-A,WO-100014,59,59,0.0,True,False,32
S4,2026-05-01,B,2026-05-01-B,WO-100014,53,53,0.0,True,False,19
S4,2026-05-01,C,2026-05-01-C,WO-100014,68,69,1.471,True,False,23
S4,2026-05-02,A,2026-05-02-A,WO-100014,60,61,1.667,True,False,30
S4,2026-05-02,B,2026-05-02-B,WO-100014,61,61,0.0,True,False,7
S4,2026-05-02,C,2026-05-02-C,WO-100014,81,80,-1.235,True,False,12
S4,2026-05-03,A,2026-05-03-A,WO-100014,65,66,1.538,True,False,37
S4,2026-05-03,B,2026-05-03-B,WO-100014,65,64,-1.538,True,False,0
S4,2026-05-03,C,2026-05-03-C,WO-100014,65,64,-1.538,True,False,24
S4,2026-05-04,A,2026-05-04-A,WO-100014,58,59,1.724,True,False,31
S4,2026-05-04,B,2026-05-04-B,WO-100014,72,71,-1.389,True,False,23
S4,2026-05-04,C,2026-05-04-C,WO-100014,49,50,2.041,True,False,34
S4,2026-05-05,A,2026-05-05-A,WO-100014,65,66,1.538,True,False,25
S4,2026-05-05,B,2026-05-05-B,WO-100014,63,63,0.0,True,False,13
S4,2026-05-05,C,2026-05-05-C,WO-100014,65,66,1.538,True,False,21
S4,2026-05-06,A,2026-05-06-A,WO-100015,61,61,0.0,True,False,42
S4,2026-05-06,B,2026-05-06-B,WO-100015,71,70,-1.408,True,False,22
S4,2026-05-06,C,2026-05-06-C,WO-100015,70,69,-1.429,True,False,18
S4,2026-05-07,A,2026-05-07-A,WO-100015,56,55,-1.786,True,False,44
S4,2026-05-07,B,2026-05-07-B,WO-100015,70,70,0.0,True,False,20
S4,2026-05-07,C,2026-05-07-C,WO-100015,59,59,0.0,True,False,19
S4,2026-05-08,A,2026-05-08-A,WO-100015,61,61,0.0,True,False,8
S4,2026-05-08,B,2026-05-08-B,WO-100015,56,56,0.0,True,False,18
S4,2026-05-08,C,2026-05-08-C,WO-100015,68,69,1.471,True,False,19
S4,2026-05-09,A,2026-05-09-A,WO-100015,72,73,1.389,True,False,44
S4,2026-05-09,B,2026-05-09-B,WO-100015,60,59,-1.667,True,False,34
S4,2026-05-09,C,2026-05-09-C,WO-100015,64,63,-1.563,True,False,36
S4,2026-05-10,A,2026-05-10-A,WO-100015,50,50,0.0,True,False,4
S4,2026-05-10,B,2026-05-10-B,WO-100015,58,57,-1.724,True,False,41
S4,2026-05-10,C,2026-05-10-C,WO-100015,52,51,-1.923,True,False,36
S4,2026-05-11,A,2026-05-11-A,WO-100015,59,58,-1.695,True,False,21
S4,2026-05-11,B,2026-05-11-B,WO-100015,56,56,0.0,True,False,0
S4,2026-05-11,C,2026-05-11-C,WO-100015,64,65,1.563,True,False,22
S4,2026-05-12,A,2026-05-12-A,WO-100015,59,60,1.695,True,False,28
S4,2026-05-12,B,2026-05-12-B,WO-100015,56,56,0.0,True,False,24
S4,2026-05-12,C,2026-05-12-C,WO-100015,63,63,0.0,True,False,45
S4,2026-05-13,A,2026-05-13-A,WO-100016,66,67,1.515,True,False,41
S4,2026-05-13,B,2026-05-13-B,WO-100016,70,70,0.0,True,False,9
S4,2026-05-13,C,2026-05-13-C,WO-100016,53,52,-1.887,True,False,30
S4,2026-05-14,A,2026-05-14-A,WO-100016,53,52,-1.887,True,False,29
S4,2026-05-14,B,2026-05-14-B,WO-100016,53,53,0.0,True,False,40
S4,2026-05-14,C,2026-05-14-C,WO-100016,68,67,-1.471,True,False,43
S4,2026-05-15,A,2026-05-15-A,WO-100016,72,72,0.0,True,False,8
S4,2026-05-15,B,2026-05-15-B,WO-100016,64,63,-1.563,True,False,0
S4,2026-05-15,C,2026-05-15-C,WO-100016,66,67,1.515,True,False,23
S4,2026-05-16,A,2026-05-16-A,WO-100016,65,66,1.538,True,False,31
S4,2026-05-16,B,2026-05-16-B,WO-100016,77,76,-1.299,True,False,29
S4,2026-05-16,C,2026-05-16-C,WO-100016,63,64,1.587,True,False,23
S4,2026-05-17,A,2026-05-17-A,WO-100016,62,63,1.613,True,False,32
S4,2026-05-17,B,2026-05-17-B,WO-100016,58,58,0.0,True,False,45
S4,2026-05-17,C,2026-05-17-C,WO-100016,59,58,-1.695,True,False,36
S4,2026-05-18,A,2026-05-18-A,WO-100016,65,65,0.0,True,False,14
S4,2026-05-18,B,2026-05-18-B,WO-100016,62,62,0.0,True,False,21
S4,2026-05-18,C,2026-05-18-C,WO-100016,64,65,1.563,True,False,27
S4,2026-05-19,A,2026-05-19-A,WO-100016,67,68,1.493,True,False,4
S4,2026-05-19,B,2026-05-19-B,WO-100016,61,60,-1.639,True,False,33
S4,2026-05-19,C,2026-05-19-C,WO-100016,77,76,-1.299,True,False,4
S4,2026-05-20,A,2026-05-20-A,WO-100017,59,59,0.0,True,False,27
S4,2026-05-20,B,2026-05-20-B,WO-100017,63,63,0.0,True,False,19
S4,2026-05-20,C,2026-05-20-C,WO-100017,62,61,-1.613,True,False,20
S4,2026-05-21,A,2026-05-21-A,WO-100017,61,62,1.639,True,False,25
S4,2026-05-21,B,2026-05-21-B,WO-100017,58,59,1.724,True,False,6
S4,2026-05-21,C,2026-05-21-C,WO-100017,55,55,0.0,True,False,19
S4,2026-05-22,A,2026-05-22-A,WO-100017,59,60,1.695,True,False,39
S4,2026-05-22,B,2026-05-22-B,WO-100017,47,46,-2.128,True,False,33
S4,2026-05-22,C,2026-05-22-C,WO-100017,65,64,-1.538,True,False,19
S4,2026-05-23,A,2026-05-23-A,WO-100017,38,38,0.0,True,False,0
S4,2026-05-23,B,2026-05-23-B,WO-100017,58,57,-1.724,True,False,6
S4,2026-05-23,C,2026-05-23-C,WO-100017,57,58,1.754,True,False,42
S4,2026-05-24,A,2026-05-24-A,WO-100017,67,68,1.493,True,False,11
S4,2026-05-24,B,2026-05-24-B,WO-100017,63,62,-1.587,True,False,11
S4,2026-05-24,C,2026-05-24-C,WO-100017,54,54,0.0,True,False,36
S4,2026-05-25,A,2026-05-25-A,WO-100017,53,52,-1.887,True,False,6
S4,2026-05-25,B,2026-05-25-B,WO-100017,53,54,1.887,True,False,42
S4,2026-05-25,C,2026-05-25-C,WO-100017,59,58,-1.695,True,False,33
S4,2026-05-26,A,2026-05-26-A,WO-100017,53,54,1.887,True,False,7
S4,2026-05-26,B,2026-05-26-B,WO-100017,54,53,-1.852,True,False,12
S4,2026-05-26,C,2026-05-26-C,WO-100017,65,66,1.538,True,False,0
S4,2026-05-27,A,2026-05-27-A,WO-100018,68,69,1.471,True,False,0
S4,2026-05-27,B,2026-05-27-B,WO-100018,69,68,-1.449,True,False,6
S4,2026-05-27,C,2026-05-27-C,WO-100018,67,67,0.0,True,False,29
S4,2026-05-28,A,2026-05-28-A,WO-100018,60,60,0.0,True,False,27
S4,2026-05-28,B,2026-05-28-B,WO-100018,73,74,1.37,True,False,44
S4,2026-05-28,C,2026-05-28-C,WO-100018,64,65,1.563,True,False,8
S4,2026-05-29,A,2026-05-29-A,WO-100018,67,67,0.0,True,False,33
S4,2026-05-29,B,2026-05-29-B,WO-100018,69,69,0.0,True,False,34
S4,2026-05-29,C,2026-05-29-C,WO-100018,70,70,0.0,True,False,42
S4,2026-05-30,A,2026-05-30-A,WO-100018,65,65,0.0,True,False,37
S4,2026-05-30,B,2026-05-30-B,WO-100018,58,59,1.724,True,False,8
S4,2026-05-30,C,2026-05-30-C,WO-100018,11,11,0.0,True,False,32
S5,2026-03-31,C,2026-03-31-C,,52,51,-1.923,True,False,41
S5,2026-04-01,A,2026-04-01-A,WO-100010,59,59,0.0,True,False,32
S5,2026-04-01,B,2026-04-01-B,WO-100010,59,59,0.0,True,False,41
S5,2026-04-01,C,2026-04-01-C,WO-100010,62,62,0.0,True,False,23
S5,2026-04-02,A,2026-04-02-A,WO-100010,58,57,-1.724,True,False,1
S5,2026-04-02,B,2026-04-02-B,WO-100010,65,65,0.0,True,False,23
S5,2026-04-02,C,2026-04-02-C,WO-100010,60,59,-1.667,True,False,15
S5,2026-04-03,A,2026-04-03-A,WO-100010,59,60,1.695,True,False,38
S5,2026-04-03,B,2026-04-03-B,WO-100010,75,75,0.0,True,False,8
S5,2026-04-03,C,2026-04-03-C,WO-100010,47,46,-2.128,True,False,33
S5,2026-04-04,A,2026-04-04-A,WO-100010,66,65,-1.515,True,False,2
S5,2026-04-04,B,2026-04-04-B,WO-100010,54,54,0.0,True,False,7
S5,2026-04-04,C,2026-04-04-C,WO-100010,53,52,-1.887,True,False,20
S5,2026-04-05,A,2026-04-05-A,WO-100010,66,65,-1.515,True,False,33
S5,2026-04-05,B,2026-04-05-B,WO-100010,68,67,-1.471,True,False,15
S5,2026-04-05,C,2026-04-05-C,WO-100010,63,64,1.587,True,False,18
S5,2026-04-06,A,2026-04-06-A,WO-100010,64,64,0.0,True,False,37
S5,2026-04-06,B,2026-04-06-B,WO-100010,55,54,-1.818,True,False,33
S5,2026-04-06,C,2026-04-06-C,WO-100010,61,61,0.0,True,False,14
S5,2026-04-07,A,2026-04-07-A,WO-100010,52,53,1.923,True,False,33
S5,2026-04-07,B,2026-04-07-B,WO-100010,46,46,0.0,True,False,7
S5,2026-04-07,C,2026-04-07-C,WO-100010,56,56,0.0,True,False,22
S5,2026-04-08,A,2026-04-08-A,WO-100011,65,64,-1.538,True,False,45
S5,2026-04-08,B,2026-04-08-B,WO-100011,67,66,-1.493,True,False,36
S5,2026-04-08,C,2026-04-08-C,WO-100011,74,74,0.0,True,False,27
S5,2026-04-09,A,2026-04-09-A,WO-100011,69,70,1.449,True,False,20
S5,2026-04-09,B,2026-04-09-B,WO-100011,65,66,1.538,True,False,16
S5,2026-04-09,C,2026-04-09-C,WO-100011,63,62,-1.587,True,False,28
S5,2026-04-10,A,2026-04-10-A,WO-100011,55,55,0.0,True,False,41
S5,2026-04-10,B,2026-04-10-B,WO-100011,65,64,-1.538,True,False,19
S5,2026-04-10,C,2026-04-10-C,WO-100011,64,64,0.0,True,False,30
S5,2026-04-11,A,2026-04-11-A,WO-100011,59,59,0.0,True,False,19
S5,2026-04-11,B,2026-04-11-B,WO-100011,49,49,0.0,True,False,2
S5,2026-04-11,C,2026-04-11-C,WO-100011,51,52,1.961,True,False,37
S5,2026-04-12,A,2026-04-12-A,WO-100011,66,67,1.515,True,False,39
S5,2026-04-12,B,2026-04-12-B,WO-100011,69,70,1.449,True,False,16
S5,2026-04-12,C,2026-04-12-C,WO-100011,53,54,1.887,True,False,25
S5,2026-04-13,A,2026-04-13-A,WO-100011,64,64,0.0,True,False,24
S5,2026-04-13,B,2026-04-13-B,WO-100011,41,40,-2.439,True,False,18
S5,2026-04-13,C,2026-04-13-C,WO-100011,58,58,0.0,True,False,37
S5,2026-04-14,A,2026-04-14-A,WO-100011,65,64,-1.538,True,False,33
S5,2026-04-14,B,2026-04-14-B,WO-100011,60,59,-1.667,True,False,29
S5,2026-04-14,C,2026-04-14-C,WO-100011,49,49,0.0,True,False,24
S5,2026-04-15,A,2026-04-15-A,WO-100012,61,62,1.639,True,False,37
S5,2026-04-15,B,2026-04-15-B,WO-100012,59,58,-1.695,True,False,43
S5,2026-04-15,C,2026-04-15-C,WO-100012,72,71,-1.389,True,False,42
S5,2026-04-16,A,2026-04-16-A,WO-100012,76,77,1.316,True,False,3
S5,2026-04-16,B,2026-04-16-B,WO-100012,60,60,0.0,True,False,14
S5,2026-04-16,C,2026-04-16-C,WO-100012,53,53,0.0,True,False,3
S5,2026-04-17,A,2026-04-17-A,WO-100012,54,53,-1.852,True,False,38
S5,2026-04-17,B,2026-04-17-B,WO-100012,61,60,-1.639,True,False,19
S5,2026-04-17,C,2026-04-17-C,WO-100012,59,60,1.695,True,False,12
S5,2026-04-18,A,2026-04-18-A,WO-100012,68,69,1.471,True,False,16
S5,2026-04-18,B,2026-04-18-B,WO-100012,57,58,1.754,True,False,26
S5,2026-04-18,C,2026-04-18-C,WO-100012,51,50,-1.961,True,False,1
S5,2026-04-19,A,2026-04-19-A,WO-100012,63,62,-1.587,True,False,31
S5,2026-04-19,B,2026-04-19-B,WO-100012,82,81,-1.22,True,False,41
S5,2026-04-19,C,2026-04-19-C,WO-100012,70,71,1.429,True,False,2
S5,2026-04-20,A,2026-04-20-A,WO-100012,47,46,-2.128,True,False,39
S5,2026-04-20,B,2026-04-20-B,WO-100012,56,57,1.786,True,False,45
S5,2026-04-20,C,2026-04-20-C,WO-100012,68,67,-1.471,True,False,17
S5,2026-04-21,A,2026-04-21-A,WO-100012,44,44,0.0,True,False,18
S5,2026-04-21,B,2026-04-21-B,WO-100012,62,61,-1.613,True,False,7
S5,2026-04-21,C,2026-04-21-C,WO-100012,57,58,1.754,True,False,5
S5,2026-04-22,A,2026-04-22-A,WO-100013,71,70,-1.408,True,False,26
S5,2026-04-22,B,2026-04-22-B,WO-100013,55,55,0.0,True,False,33
S5,2026-04-22,C,2026-04-22-C,WO-100013,68,67,-1.471,True,False,43
S5,2026-04-23,A,2026-04-23-A,WO-100013,65,66,1.538,True,False,9
S5,2026-04-23,B,2026-04-23-B,WO-100013,63,62,-1.587,True,False,39
S5,2026-04-23,C,2026-04-23-C,WO-100013,59,59,0.0,True,False,18
S5,2026-04-24,A,2026-04-24-A,WO-100013,60,60,0.0,True,False,28
S5,2026-04-24,B,2026-04-24-B,WO-100013,56,55,-1.786,True,False,30
S5,2026-04-24,C,2026-04-24-C,WO-100013,59,58,-1.695,True,False,21
S5,2026-04-25,A,2026-04-25-A,WO-100013,48,48,0.0,True,False,33
S5,2026-04-25,B,2026-04-25-B,WO-100013,47,47,0.0,True,False,2
S5,2026-04-25,C,2026-04-25-C,WO-100013,48,49,2.083,True,False,16
S5,2026-04-26,A,2026-04-26-A,WO-100013,59,59,0.0,True,False,44
S5,2026-04-26,B,2026-04-26-B,WO-100013,48,47,-2.083,True,False,31
S5,2026-04-26,C,2026-04-26-C,WO-100013,43,42,-2.326,True,False,26
S5,2026-04-27,A,2026-04-27-A,WO-100013,53,54,1.887,True,False,25
S5,2026-04-27,B,2026-04-27-B,WO-100013,55,56,1.818,True,False,1
S5,2026-04-27,C,2026-04-27-C,WO-100013,58,59,1.724,True,False,13
S5,2026-04-28,A,2026-04-28-A,WO-100013,71,70,-1.408,True,False,12
S5,2026-04-28,B,2026-04-28-B,WO-100013,65,64,-1.538,True,False,10
S5,2026-04-28,C,2026-04-28-C,WO-100013,54,53,-1.852,True,False,22
S5,2026-04-29,A,2026-04-29-A,WO-100014,56,57,1.786,True,False,25
S5,2026-04-29,B,2026-04-29-B,WO-100014,66,66,0.0,True,False,10
S5,2026-04-29,C,2026-04-29-C,WO-100014,57,57,0.0,True,False,1
S5,2026-04-30,A,2026-04-30-A,WO-100014,46,47,2.174,True,False,29
S5,2026-04-30,B,2026-04-30-B,WO-100014,51,51,0.0,True,False,25
S5,2026-04-30,C,2026-04-30-C,WO-100014,44,43,-2.273,True,False,31
S5,2026-05-01,A,2026-05-01-A,WO-100014,60,60,0.0,True,False,33
S5,2026-05-01,B,2026-05-01-B,WO-100014,64,63,-1.563,True,False,20
S5,2026-05-01,C,2026-05-01-C,WO-100014,66,67,1.515,True,False,22
S5,2026-05-02,A,2026-05-02-A,WO-100014,63,62,-1.587,True,False,0
S5,2026-05-02,B,2026-05-02-B,WO-100014,48,49,2.083,True,False,21
S5,2026-05-02,C,2026-05-02-C,WO-100014,76,77,1.316,True,False,3
S5,2026-05-03,A,2026-05-03-A,WO-100014,63,63,0.0,True,False,37
S5,2026-05-03,B,2026-05-03-B,WO-100014,57,58,1.754,True,False,8
S5,2026-05-03,C,2026-05-03-C,WO-100014,64,64,0.0,True,False,10
S5,2026-05-04,A,2026-05-04-A,WO-100014,64,63,-1.563,True,False,13
S5,2026-05-04,B,2026-05-04-B,WO-100014,49,50,2.041,True,False,14
S5,2026-05-04,C,2026-05-04-C,WO-100014,59,58,-1.695,True,False,20
S5,2026-05-05,A,2026-05-05-A,WO-100014,61,62,1.639,True,False,36
S5,2026-05-05,B,2026-05-05-B,WO-100014,69,70,1.449,True,False,29
S5,2026-05-05,C,2026-05-05-C,WO-100014,42,43,2.381,True,False,33
S5,2026-05-06,A,2026-05-06-A,WO-100015,65,64,-1.538,True,False,14
S5,2026-05-06,B,2026-05-06-B,WO-100015,42,14,-66.667,True,True,36
S5,2026-05-06,C,2026-05-06-C,WO-100015,51,51,0.0,True,False,4
S5,2026-05-07,A,2026-05-07-A,WO-100015,55,55,0.0,True,False,7
S5,2026-05-07,B,2026-05-07-B,WO-100015,66,65,-1.515,True,False,37
S5,2026-05-07,C,2026-05-07-C,WO-100015,54,54,0.0,True,False,42
S5,2026-05-08,A,2026-05-08-A,WO-100015,53,52,-1.887,True,False,28
S5,2026-05-08,B,2026-05-08-B,WO-100015,70,70,0.0,True,False,18
S5,2026-05-08,C,2026-05-08-C,WO-100015,67,68,1.493,True,False,6
S5,2026-05-09,A,2026-05-09-A,WO-100015,53,53,0.0,True,False,38
S5,2026-05-09,B,2026-05-09-B,WO-100015,57,57,0.0,True,False,21
S5,2026-05-09,C,2026-05-09-C,WO-100015,65,65,0.0,True,False,21
S5,2026-05-10,A,2026-05-10-A,WO-100015,54,53,-1.852,True,False,35
S5,2026-05-10,B,2026-05-10-B,WO-100015,60,59,-1.667,True,False,31
S5,2026-05-10,C,2026-05-10-C,WO-100015,58,58,0.0,True,False,6
S5,2026-05-11,A,2026-05-11-A,WO-100015,41,41,0.0,True,False,8
S5,2026-05-11,B,2026-05-11-B,WO-100015,51,52,1.961,True,False,14
S5,2026-05-11,C,2026-05-11-C,WO-100015,53,53,0.0,True,False,9
S5,2026-05-12,A,2026-05-12-A,WO-100015,48,49,2.083,True,False,24
S5,2026-05-12,B,2026-05-12-B,WO-100015,52,53,1.923,True,False,0
S5,2026-05-12,C,2026-05-12-C,WO-100015,66,66,0.0,True,False,36
S5,2026-05-13,A,2026-05-13-A,WO-100016,60,60,0.0,True,False,13
S5,2026-05-13,B,2026-05-13-B,WO-100016,66,65,-1.515,True,False,18
S5,2026-05-13,C,2026-05-13-C,WO-100016,63,64,1.587,True,False,8
S5,2026-05-14,A,2026-05-14-A,WO-100016,67,66,-1.493,True,False,21
S5,2026-05-14,B,2026-05-14-B,WO-100016,69,70,1.449,True,False,15
S5,2026-05-14,C,2026-05-14-C,WO-100016,68,69,1.471,True,False,22
S5,2026-05-15,A,2026-05-15-A,WO-100016,63,64,1.587,True,False,30
S5,2026-05-15,B,2026-05-15-B,WO-100016,63,62,-1.587,True,False,18
S5,2026-05-15,C,2026-05-15-C,WO-100016,57,57,0.0,True,False,38
S5,2026-05-16,A,2026-05-16-A,WO-100016,62,62,0.0,True,False,12
S5,2026-05-16,B,2026-05-16-B,WO-100016,71,71,0.0,True,False,24
S5,2026-05-16,C,2026-05-16-C,WO-100016,65,64,-1.538,True,False,42
S5,2026-05-17,A,2026-05-17-A,WO-100016,56,57,1.786,True,False,28
S5,2026-05-17,B,2026-05-17-B,WO-100016,49,48,-2.041,True,False,7
S5,2026-05-17,C,2026-05-17-C,WO-100016,64,64,0.0,True,False,16
S5,2026-05-18,A,2026-05-18-A,WO-100016,58,58,0.0,True,False,32
S5,2026-05-18,B,2026-05-18-B,WO-100016,56,55,-1.786,True,False,8
S5,2026-05-18,C,2026-05-18-C,WO-100016,64,65,1.563,True,False,32
S5,2026-05-19,A,2026-05-19-A,WO-100016,58,58,0.0,True,False,18
S5,2026-05-19,B,2026-05-19-B,WO-100016,50,50,0.0,True,False,33
S5,2026-05-19,C,2026-05-19-C,WO-100016,56,57,1.786,True,False,9
S5,2026-05-20,A,2026-05-20-A,WO-100017,52,52,0.0,True,False,27
S5,2026-05-20,B,2026-05-20-B,WO-100017,54,54,0.0,True,False,43
S5,2026-05-20,C,2026-05-20-C,WO-100017,63,64,1.587,True,False,35
S5,2026-05-21,A,2026-05-21-A,WO-100017,61,61,0.0,True,False,12
S5,2026-05-21,B,2026-05-21-B,WO-100017,49,94,91.837,True,True,10
S5,2026-05-21,C,2026-05-21-C,WO-100017,54,53,-1.852,True,False,3
S5,2026-05-22,A,2026-05-22-A,WO-100017,57,57,0.0,True,False,5
S5,2026-05-22,B,2026-05-22-B,WO-100017,61,61,0.0,True,False,7
S5,2026-05-22,C,2026-05-22-C,WO-100017,64,65,1.563,True,False,12
S5,2026-05-23,A,2026-05-23-A,WO-100017,59,58,-1.695,True,False,28
S5,2026-05-23,B,2026-05-23-B,WO-100017,48,47,-2.083,True,False,24
S5,2026-05-23,C,2026-05-23-C,WO-100017,68,67,-1.471,True,False,22
S5,2026-05-24,A,2026-05-24-A,WO-100017,64,65,1.563,True,False,42
S5,2026-05-24,B,2026-05-24-B,WO-100017,61,62,1.639,True,False,42
S5,2026-05-24,C,2026-05-24-C,WO-100017,61,62,1.639,True,False,28
S5,2026-05-25,A,2026-05-25-A,WO-100017,68,69,1.471,True,False,30
S5,2026-05-25,B,2026-05-25-B,WO-100017,75,74,-1.333,True,False,37
S5,2026-05-25,C,2026-05-25-C,WO-100017,59,59,0.0,True,False,10
S5,2026-05-26,A,2026-05-26-A,WO-100017,70,69,-1.429,True,False,20
S5,2026-05-26,B,2026-05-26-B,WO-100017,58,59,1.724,True,False,45
S5,2026-05-26,C,2026-05-26-C,WO-100017,61,60,-1.639,True,False,27
S5,2026-05-27,A,2026-05-27-A,WO-100018,51,52,1.961,True,False,35
S5,2026-05-27,B,2026-05-27-B,WO-100018,55,56,1.818,True,False,16
S5,2026-05-27,C,2026-05-27-C,WO-100018,72,72,0.0,True,False,5
S5,2026-05-28,A,2026-05-28-A,WO-100018,65,65,0.0,True,False,37
S5,2026-05-28,B,2026-05-28-B,WO-100018,63,63,0.0,True,False,12
S5,2026-05-28,C,2026-05-28-C,WO-100018,55,55,0.0,True,False,28
S5,2026-05-29,A,2026-05-29-A,WO-100018,53,54,1.887,True,False,7
S5,2026-05-29,B,2026-05-29-B,WO-100018,68,68,0.0,True,False,40
S5,2026-05-29,C,2026-05-29-C,WO-100018,58,59,1.724,True,False,22
S5,2026-05-30,A,2026-05-30-A,WO-100018,60,60,0.0,True,False,30
S5,2026-05-30,B,2026-05-30-B,WO-100018,62,61,-1.613,True,False,40
S5,2026-05-30,C,2026-05-30-C,WO-100018,21,21,0.0,True,False,37
S6,2026-03-31,C,2026-03-31-C,,42,43,2.381,True,False,21
S6,2026-04-01,A,2026-04-01-A,WO-100010,55,54,-1.818,True,False,3
S6,2026-04-01,B,2026-04-01-B,WO-100010,58,57,-1.724,True,False,0
S6,2026-04-01,C,2026-04-01-C,WO-100010,64,65,1.563,True,False,28
S6,2026-04-02,A,2026-04-02-A,WO-100010,68,69,1.471,True,False,36
S6,2026-04-02,B,2026-04-02-B,WO-100010,71,71,0.0,True,False,37
S6,2026-04-02,C,2026-04-02-C,WO-100010,63,62,-1.587,True,False,9
S6,2026-04-03,A,2026-04-03-A,WO-100010,49,50,2.041,True,False,44
S6,2026-04-03,B,2026-04-03-B,WO-100010,54,53,-1.852,True,False,20
S6,2026-04-03,C,2026-04-03-C,WO-100010,50,50,0.0,True,False,35
S6,2026-04-04,A,2026-04-04-A,WO-100010,65,66,1.538,True,False,19
S6,2026-04-04,B,2026-04-04-B,WO-100010,58,57,-1.724,True,False,4
S6,2026-04-04,C,2026-04-04-C,WO-100010,66,66,0.0,True,False,23
S6,2026-04-05,A,2026-04-05-A,WO-100010,63,63,0.0,True,False,19
S6,2026-04-05,B,2026-04-05-B,WO-100010,72,72,0.0,True,False,24
S6,2026-04-05,C,2026-04-05-C,WO-100010,72,71,-1.389,True,False,8
S6,2026-04-06,A,2026-04-06-A,WO-100010,58,58,0.0,True,False,17
S6,2026-04-06,B,2026-04-06-B,WO-100010,71,71,0.0,True,False,35
S6,2026-04-06,C,2026-04-06-C,WO-100010,49,49,0.0,True,False,28
S6,2026-04-07,A,2026-04-07-A,WO-100010,60,61,1.667,True,False,0
S6,2026-04-07,B,2026-04-07-B,WO-100010,50,49,-2.0,True,False,2
S6,2026-04-07,C,2026-04-07-C,WO-100010,58,59,1.724,True,False,34
S6,2026-04-08,A,2026-04-08-A,WO-100011,54,53,-1.852,True,False,33
S6,2026-04-08,B,2026-04-08-B,WO-100011,51,52,1.961,True,False,26
S6,2026-04-08,C,2026-04-08-C,WO-100011,52,52,0.0,True,False,39
S6,2026-04-09,A,2026-04-09-A,WO-100011,42,41,-2.381,True,False,32
S6,2026-04-09,B,2026-04-09-B,WO-100011,59,58,-1.695,True,False,16
S6,2026-04-09,C,2026-04-09-C,WO-100011,55,55,0.0,True,False,32
S6,2026-04-10,A,2026-04-10-A,WO-100011,58,58,0.0,True,False,29
S6,2026-04-10,B,2026-04-10-B,WO-100011,64,56,-12.5,True,True,23
S6,2026-04-10,C,2026-04-10-C,WO-100011,72,72,0.0,True,False,33
S6,2026-04-11,A,2026-04-11-A,WO-100011,56,57,1.786,True,False,8
S6,2026-04-11,B,2026-04-11-B,WO-100011,62,62,0.0,True,False,18
S6,2026-04-11,C,2026-04-11-C,WO-100011,62,16,-74.194,True,True,15
S6,2026-04-12,A,2026-04-12-A,WO-100011,60,61,1.667,True,False,12
S6,2026-04-12,B,2026-04-12-B,WO-100011,83,82,-1.205,True,False,6
S6,2026-04-12,C,2026-04-12-C,WO-100011,54,55,1.852,True,False,4
S6,2026-04-13,A,2026-04-13-A,WO-100011,68,67,-1.471,True,False,5
S6,2026-04-13,B,2026-04-13-B,WO-100011,54,55,1.852,True,False,10
S6,2026-04-13,C,2026-04-13-C,WO-100011,69,70,1.449,True,False,12
S6,2026-04-14,A,2026-04-14-A,WO-100011,71,27,-61.972,True,True,9
S6,2026-04-14,B,2026-04-14-B,WO-100011,59,60,1.695,True,False,25
S6,2026-04-14,C,2026-04-14-C,WO-100011,53,53,0.0,True,False,25
S6,2026-04-15,A,2026-04-15-A,WO-100012,61,60,-1.639,True,False,12
S6,2026-04-15,B,2026-04-15-B,WO-100012,59,59,0.0,True,False,11
S6,2026-04-15,C,2026-04-15-C,WO-100012,63,64,1.587,True,False,1
S6,2026-04-16,A,2026-04-16-A,WO-100012,54,55,1.852,True,False,15
S6,2026-04-16,B,2026-04-16-B,WO-100012,60,61,1.667,True,False,19
S6,2026-04-16,C,2026-04-16-C,WO-100012,61,62,1.639,True,False,7
S6,2026-04-17,A,2026-04-17-A,WO-100012,54,55,1.852,True,False,27
S6,2026-04-17,B,2026-04-17-B,WO-100012,61,60,-1.639,True,False,35
S6,2026-04-17,C,2026-04-17-C,WO-100012,53,54,1.887,True,False,37
S6,2026-04-18,A,2026-04-18-A,WO-100012,75,75,0.0,True,False,45
S6,2026-04-18,B,2026-04-18-B,WO-100012,68,68,0.0,True,False,42
S6,2026-04-18,C,2026-04-18-C,WO-100012,61,60,-1.639,True,False,21
S6,2026-04-19,A,2026-04-19-A,WO-100012,54,53,-1.852,True,False,45
S6,2026-04-19,B,2026-04-19-B,WO-100012,51,52,1.961,True,False,25
S6,2026-04-19,C,2026-04-19-C,WO-100012,57,58,1.754,True,False,12
S6,2026-04-20,A,2026-04-20-A,WO-100012,48,49,2.083,True,False,2
S6,2026-04-20,B,2026-04-20-B,WO-100012,73,74,1.37,True,False,3
S6,2026-04-20,C,2026-04-20-C,WO-100012,75,76,1.333,True,False,40
S6,2026-04-21,A,2026-04-21-A,WO-100012,60,61,1.667,True,False,32
S6,2026-04-21,B,2026-04-21-B,WO-100012,77,76,-1.299,True,False,12
S6,2026-04-21,C,2026-04-21-C,WO-100012,42,42,0.0,True,False,19
S6,2026-04-22,A,2026-04-22-A,WO-100013,48,48,0.0,True,False,31
S6,2026-04-22,B,2026-04-22-B,WO-100013,64,65,1.563,True,False,7
S6,2026-04-22,C,2026-04-22-C,WO-100013,60,59,-1.667,True,False,12
S6,2026-04-23,A,2026-04-23-A,WO-100013,66,67,1.515,True,False,45
S6,2026-04-23,B,2026-04-23-B,WO-100013,52,51,-1.923,True,False,0
S6,2026-04-23,C,2026-04-23-C,WO-100013,51,51,0.0,True,False,21
S6,2026-04-24,A,2026-04-24-A,WO-100013,60,61,1.667,True,False,10
S6,2026-04-24,B,2026-04-24-B,WO-100013,61,61,0.0,True,False,18
S6,2026-04-24,C,2026-04-24-C,WO-100013,59,59,0.0,True,False,41
S6,2026-04-25,A,2026-04-25-A,WO-100013,57,58,1.754,True,False,12
S6,2026-04-25,B,2026-04-25-B,WO-100013,61,62,1.639,True,False,34
S6,2026-04-25,C,2026-04-25-C,WO-100013,61,61,0.0,True,False,17
S6,2026-04-26,A,2026-04-26-A,WO-100013,63,63,0.0,True,False,25
S6,2026-04-26,B,2026-04-26-B,WO-100013,50,50,0.0,True,False,44
S6,2026-04-26,C,2026-04-26-C,WO-100013,51,51,0.0,True,False,21
S6,2026-04-27,A,2026-04-27-A,WO-100013,66,67,1.515,True,False,0
S6,2026-04-27,B,2026-04-27-B,WO-100013,48,48,0.0,True,False,4
S6,2026-04-27,C,2026-04-27-C,WO-100013,58,57,-1.724,True,False,2
S6,2026-04-28,A,2026-04-28-A,WO-100013,47,47,0.0,True,False,9
S6,2026-04-28,B,2026-04-28-B,WO-100013,53,53,0.0,True,False,7
S6,2026-04-28,C,2026-04-28-C,WO-100013,54,53,-1.852,True,False,15
S6,2026-04-29,A,2026-04-29-A,WO-100014,62,62,0.0,True,False,14
S6,2026-04-29,B,2026-04-29-B,WO-100014,57,57,0.0,True,False,45
S6,2026-04-29,C,2026-04-29-C,WO-100014,71,72,1.408,True,False,3
S6,2026-04-30,A,2026-04-30-A,WO-100014,51,51,0.0,True,False,4
S6,2026-04-30,B,2026-04-30-B,WO-100014,70,71,1.429,True,False,39
S6,2026-04-30,C,2026-04-30-C,WO-100014,71,70,-1.408,True,False,34
S6,2026-05-01,A,2026-05-01-A,WO-100014,67,68,1.493,True,False,18
S6,2026-05-01,B,2026-05-01-B,WO-100014,67,67,0.0,True,False,39
S6,2026-05-01,C,2026-05-01-C,WO-100014,55,56,1.818,True,False,5
S6,2026-05-02,A,2026-05-02-A,WO-100014,72,72,0.0,True,False,9
S6,2026-05-02,B,2026-05-02-B,WO-100014,50,49,-2.0,True,False,31
S6,2026-05-02,C,2026-05-02-C,WO-100014,59,58,-1.695,True,False,7
S6,2026-05-03,A,2026-05-03-A,WO-100014,53,52,-1.887,True,False,23
S6,2026-05-03,B,2026-05-03-B,WO-100014,53,54,1.887,True,False,4
S6,2026-05-03,C,2026-05-03-C,WO-100014,48,47,-2.083,True,False,3
S6,2026-05-04,A,2026-05-04-A,WO-100014,63,63,0.0,True,False,19
S6,2026-05-04,B,2026-05-04-B,,56,,,False,False,
S6,2026-05-04,C,2026-05-04-C,WO-100014,62,62,0.0,True,False,40
S6,2026-05-05,A,2026-05-05-A,WO-100014,62,62,0.0,True,False,21
S6,2026-05-05,B,2026-05-05-B,,67,,,False,False,
S6,2026-05-05,C,2026-05-05-C,WO-100014,51,51,0.0,True,False,43
S6,2026-05-06,A,2026-05-06-A,WO-100015,54,53,-1.852,True,False,4
S6,2026-05-06,B,2026-05-06-B,,49,,,False,False,
S6,2026-05-06,C,2026-05-06-C,WO-100015,67,67,0.0,True,False,44
S6,2026-05-07,A,2026-05-07-A,WO-100015,57,56,-1.754,True,False,10
S6,2026-05-07,B,2026-05-07-B,WO-100015,79,78,-1.266,True,False,8
S6,2026-05-07,C,2026-05-07-C,WO-100015,65,65,0.0,True,False,33
S6,2026-05-08,A,2026-05-08-A,WO-100015,67,67,0.0,True,False,27
S6,2026-05-08,B,2026-05-08-B,WO-100015,68,68,0.0,True,False,9
S6,2026-05-08,C,2026-05-08-C,WO-100015,52,51,-1.923,True,False,14
S6,2026-05-09,A,2026-05-09-A,WO-100015,62,62,0.0,True,False,30
S6,2026-05-09,B,2026-05-09-B,WO-100015,63,64,1.587,True,False,18
S6,2026-05-09,C,2026-05-09-C,WO-100015,66,67,1.515,True,False,22
S6,2026-05-10,A,2026-05-10-A,WO-100015,68,69,1.471,True,False,34
S6,2026-05-10,B,2026-05-10-B,WO-100015,67,68,1.493,True,False,19
S6,2026-05-10,C,2026-05-10-C,WO-100015,42,43,2.381,True,False,38
S6,2026-05-11,A,2026-05-11-A,WO-100015,58,58,0.0,True,False,28
S6,2026-05-11,B,2026-05-11-B,WO-100015,49,50,2.041,True,False,6
S6,2026-05-11,C,2026-05-11-C,WO-100015,63,64,1.587,True,False,22
S6,2026-05-12,A,2026-05-12-A,WO-100015,58,58,0.0,True,False,17
S6,2026-05-12,B,2026-05-12-B,WO-100015,59,59,0.0,True,False,45
S6,2026-05-12,C,2026-05-12-C,WO-100015,63,62,-1.587,True,False,5
S6,2026-05-13,A,2026-05-13-A,WO-100016,57,58,1.754,True,False,43
S6,2026-05-13,B,2026-05-13-B,WO-100016,65,65,0.0,True,False,41
S6,2026-05-13,C,2026-05-13-C,WO-100016,70,71,1.429,True,False,15
S6,2026-05-14,A,2026-05-14-A,WO-100016,49,49,0.0,True,False,40
S6,2026-05-14,B,2026-05-14-B,WO-100016,48,49,2.083,True,False,42
S6,2026-05-14,C,2026-05-14-C,WO-100016,47,48,2.128,True,False,28
S6,2026-05-15,A,2026-05-15-A,WO-100016,63,64,1.587,True,False,24
S6,2026-05-15,B,2026-05-15-B,WO-100016,59,60,1.695,True,False,3
S6,2026-05-15,C,2026-05-15-C,WO-100016,62,63,1.613,True,False,3
S6,2026-05-16,A,2026-05-16-A,WO-100016,59,58,-1.695,True,False,39
S6,2026-05-16,B,2026-05-16-B,WO-100016,59,58,-1.695,True,False,31
S6,2026-05-16,C,2026-05-16-C,WO-100016,60,61,1.667,True,False,3
S6,2026-05-17,A,2026-05-17-A,WO-100016,68,67,-1.471,True,False,16
S6,2026-05-17,B,2026-05-17-B,WO-100016,61,62,1.639,True,False,19
S6,2026-05-17,C,2026-05-17-C,WO-100016,49,49,0.0,True,False,36
S6,2026-05-18,A,2026-05-18-A,WO-100016,69,70,1.449,True,False,17
S6,2026-05-18,B,2026-05-18-B,WO-100016,57,58,1.754,True,False,12
S6,2026-05-18,C,2026-05-18-C,WO-100016,46,47,2.174,True,False,13
S6,2026-05-19,A,2026-05-19-A,WO-100016,51,52,1.961,True,False,44
S6,2026-05-19,B,2026-05-19-B,WO-100016,67,68,1.493,True,False,42
S6,2026-05-19,C,2026-05-19-C,WO-100016,69,68,-1.449,True,False,18
S6,2026-05-20,A,2026-05-20-A,WO-100017,48,49,2.083,True,False,43
S6,2026-05-20,B,2026-05-20-B,WO-100017,47,47,0.0,True,False,2
S6,2026-05-20,C,2026-05-20-C,WO-100017,65,64,-1.538,True,False,30
S6,2026-05-21,A,2026-05-21-A,WO-100017,69,69,0.0,True,False,37
S6,2026-05-21,B,2026-05-21-B,WO-100017,71,70,-1.408,True,False,36
S6,2026-05-21,C,2026-05-21-C,WO-100017,52,53,1.923,True,False,17
S6,2026-05-22,A,2026-05-22-A,WO-100017,65,65,0.0,True,False,29
S6,2026-05-22,B,2026-05-22-B,WO-100017,57,56,-1.754,True,False,14
S6,2026-05-22,C,2026-05-22-C,WO-100017,63,63,0.0,True,False,6
S6,2026-05-23,A,2026-05-23-A,WO-100017,67,68,1.493,True,False,29
S6,2026-05-23,B,2026-05-23-B,WO-100017,71,71,0.0,True,False,4
S6,2026-05-23,C,2026-05-23-C,WO-100017,70,70,0.0,True,False,36
S6,2026-05-24,A,2026-05-24-A,WO-100017,60,61,1.667,True,False,0
S6,2026-05-24,B,2026-05-24-B,WO-100017,54,53,-1.852,True,False,17
S6,2026-05-24,C,2026-05-24-C,WO-100017,64,64,0.0,True,False,40
S6,2026-05-25,A,2026-05-25-A,WO-100017,64,63,-1.563,True,False,2
S6,2026-05-25,B,2026-05-25-B,WO-100017,37,37,0.0,True,False,45
S6,2026-05-25,C,2026-05-25-C,WO-100017,57,58,1.754,True,False,30
S6,2026-05-26,A,2026-05-26-A,WO-100017,47,46,-2.128,True,False,25
S6,2026-05-26,B,2026-05-26-B,WO-100017,51,51,0.0,True,False,10
S6,2026-05-26,C,2026-05-26-C,WO-100017,43,42,-2.326,True,False,17
S6,2026-05-27,A,2026-05-27-A,WO-100018,62,61,-1.613,True,False,18
S6,2026-05-27,B,2026-05-27-B,WO-100018,76,77,1.316,True,False,26
S6,2026-05-27,C,2026-05-27-C,WO-100018,63,64,1.587,True,False,18
S6,2026-05-28,A,2026-05-28-A,WO-100018,64,63,-1.563,True,False,39
S6,2026-05-28,B,2026-05-28-B,WO-100018,64,63,-1.563,True,False,20
S6,2026-05-28,C,2026-05-28-C,WO-100018,62,62,0.0,True,False,45
S6,2026-05-29,A,2026-05-29-A,WO-100018,70,70,0.0,True,False,23
S6,2026-05-29,B,2026-05-29-B,WO-100018,68,67,-1.471,True,False,16
S6,2026-05-29,C,2026-05-29-C,WO-100018,64,64,0.0,True,False,41
S6,2026-05-30,A,2026-05-30-A,WO-100018,45,44,-2.222,True,False,0
S6,2026-05-30,B,2026-05-30-B,WO-100018,63,63,0.0,True,False,12
S6,2026-05-30,C,2026-05-30-C,WO-100018,17,17,0.0,True,False,12
S7,2026-03-31,C,2026-03-31-C,,52,53,1.923,True,False,44
S7,2026-04-01,A,2026-04-01-A,WO-100019,71,70,-1.408,True,False,8
S7,2026-04-01,B,2026-04-01-B,WO-100019,61,62,1.639,True,False,37
S7,2026-04-01,C,2026-04-01-C,WO-100019,55,56,1.818,True,False,44
S7,2026-04-02,A,2026-04-02-A,WO-100019,63,64,1.587,True,False,9
S7,2026-04-02,B,2026-04-02-B,WO-100019,63,64,1.587,True,False,32
S7,2026-04-02,C,2026-04-02-C,WO-100019,59,59,0.0,True,False,24
S7,2026-04-03,A,2026-04-03-A,WO-100019,53,52,-1.887,True,False,21
S7,2026-04-03,B,2026-04-03-B,WO-100019,55,56,1.818,True,False,27
S7,2026-04-03,C,2026-04-03-C,WO-100019,53,52,-1.887,True,False,5
S7,2026-04-04,A,2026-04-04-A,WO-100019,52,51,-1.923,True,False,2
S7,2026-04-04,B,2026-04-04-B,WO-100019,49,48,-2.041,True,False,17
S7,2026-04-04,C,2026-04-04-C,WO-100019,67,68,1.493,True,False,42
S7,2026-04-05,A,2026-04-05-A,WO-100019,62,62,0.0,True,False,37
S7,2026-04-05,B,2026-04-05-B,WO-100019,55,55,0.0,True,False,33
S7,2026-04-05,C,2026-04-05-C,WO-100019,82,81,-1.22,True,False,45
S7,2026-04-06,A,2026-04-06-A,WO-100019,54,55,1.852,True,False,22
S7,2026-04-06,B,2026-04-06-B,WO-100019,61,62,1.639,True,False,20
S7,2026-04-06,C,2026-04-06-C,WO-100019,69,70,1.449,True,False,32
S7,2026-04-07,A,2026-04-07-A,WO-100019,59,60,1.695,True,False,30
S7,2026-04-07,B,2026-04-07-B,WO-100019,77,77,0.0,True,False,21
S7,2026-04-07,C,2026-04-07-C,WO-100019,74,74,0.0,True,False,40
S7,2026-04-08,A,2026-04-08-A,WO-100020,64,63,-1.563,True,False,14
S7,2026-04-08,B,2026-04-08-B,WO-100020,74,74,0.0,True,False,45
S7,2026-04-08,C,2026-04-08-C,WO-100020,53,53,0.0,True,False,9
S7,2026-04-09,A,2026-04-09-A,WO-100020,58,59,1.724,True,False,1
S7,2026-04-09,B,2026-04-09-B,WO-100020,63,62,-1.587,True,False,30
S7,2026-04-09,C,2026-04-09-C,WO-100020,62,63,1.613,True,False,33
S7,2026-04-10,A,2026-04-10-A,WO-100020,60,61,1.667,True,False,23
S7,2026-04-10,B,2026-04-10-B,WO-100020,51,50,-1.961,True,False,27
S7,2026-04-10,C,2026-04-10-C,WO-100020,63,64,1.587,True,False,7
S7,2026-04-11,A,2026-04-11-A,WO-100020,52,51,-1.923,True,False,32
S7,2026-04-11,B,2026-04-11-B,WO-100020,54,53,-1.852,True,False,40
S7,2026-04-11,C,2026-04-11-C,WO-100020,52,52,0.0,True,False,0
S7,2026-04-12,A,2026-04-12-A,WO-100020,60,59,-1.667,True,False,33
S7,2026-04-12,B,2026-04-12-B,WO-100020,49,49,0.0,True,False,42
S7,2026-04-12,C,2026-04-12-C,WO-100020,48,49,2.083,True,False,43
S7,2026-04-13,A,2026-04-13-A,WO-100020,52,53,1.923,True,False,35
S7,2026-04-13,B,2026-04-13-B,WO-100020,51,50,-1.961,True,False,14
S7,2026-04-13,C,2026-04-13-C,WO-100020,56,57,1.786,True,False,9
S7,2026-04-14,A,2026-04-14-A,WO-100020,46,47,2.174,True,False,9
S7,2026-04-14,B,2026-04-14-B,WO-100020,72,72,0.0,True,False,40
S7,2026-04-14,C,2026-04-14-C,WO-100020,60,61,1.667,True,False,7
S7,2026-04-15,A,2026-04-15-A,WO-100021,66,67,1.515,True,False,34
S7,2026-04-15,B,2026-04-15-B,WO-100021,63,64,1.587,True,False,22
S7,2026-04-15,C,2026-04-15-C,WO-100021,60,60,0.0,True,False,30
S7,2026-04-16,A,2026-04-16-A,WO-100021,46,45,-2.174,True,False,4
S7,2026-04-16,B,2026-04-16-B,WO-100021,56,56,0.0,True,False,32
S7,2026-04-16,C,2026-04-16-C,WO-100021,54,53,-1.852,True,False,17
S7,2026-04-17,A,2026-04-17-A,WO-100021,57,58,1.754,True,False,38
S7,2026-04-17,B,2026-04-17-B,WO-100021,68,67,-1.471,True,False,7
S7,2026-04-17,C,2026-04-17-C,WO-100021,60,61,1.667,True,False,32
S7,2026-04-18,A,2026-04-18-A,WO-100021,49,50,2.041,True,False,39
S7,2026-04-18,B,2026-04-18-B,WO-100021,53,54,1.887,True,False,25
S7,2026-04-18,C,2026-04-18-C,WO-100021,51,50,-1.961,True,False,30
S7,2026-04-19,A,2026-04-19-A,WO-100021,56,55,-1.786,True,False,17
S7,2026-04-19,B,2026-04-19-B,WO-100021,40,40,0.0,True,False,41
S7,2026-04-19,C,2026-04-19-C,WO-100021,55,54,-1.818,True,False,38
S7,2026-04-20,A,2026-04-20-A,WO-100021,55,65,18.182,True,True,27
S7,2026-04-20,B,2026-04-20-B,WO-100021,45,45,0.0,True,False,38
S7,2026-04-20,C,2026-04-20-C,WO-100021,67,68,1.493,True,False,22
S7,2026-04-21,A,2026-04-21-A,WO-100021,72,72,0.0,True,False,8
S7,2026-04-21,B,2026-04-21-B,WO-100021,60,60,0.0,True,False,8
S7,2026-04-21,C,2026-04-21-C,WO-100021,53,53,0.0,True,False,2
S7,2026-04-22,A,2026-04-22-A,WO-100022,60,60,0.0,True,False,3
S7,2026-04-22,B,2026-04-22-B,WO-100022,66,66,0.0,True,False,44
S7,2026-04-22,C,2026-04-22-C,WO-100022,55,54,-1.818,True,False,19
S7,2026-04-23,A,2026-04-23-A,WO-100022,58,57,-1.724,True,False,9
S7,2026-04-23,B,2026-04-23-B,WO-100022,46,46,0.0,True,False,5
S7,2026-04-23,C,2026-04-23-C,WO-100022,53,53,0.0,True,False,19
S7,2026-04-24,A,2026-04-24-A,WO-100022,61,62,1.639,True,False,37
S7,2026-04-24,B,2026-04-24-B,WO-100022,54,54,0.0,True,False,31
S7,2026-04-24,C,2026-04-24-C,WO-100022,57,57,0.0,True,False,9
S7,2026-04-25,A,2026-04-25-A,WO-100022,59,60,1.695,True,False,17
S7,2026-04-25,B,2026-04-25-B,WO-100022,54,53,-1.852,True,False,15
S7,2026-04-25,C,2026-04-25-C,WO-100022,53,54,1.887,True,False,27
S7,2026-04-26,A,2026-04-26-A,WO-100022,57,58,1.754,True,False,29
S7,2026-04-26,B,2026-04-26-B,WO-100022,63,63,0.0,True,False,28
S7,2026-04-26,C,2026-04-26-C,WO-100022,70,70,0.0,True,False,25
S7,2026-04-27,A,2026-04-27-A,WO-100022,79,78,-1.266,True,False,30
S7,2026-04-27,B,2026-04-27-B,WO-100022,62,63,1.613,True,False,14
S7,2026-04-27,C,2026-04-27-C,WO-100022,56,57,1.786,True,False,0
S7,2026-04-28,A,2026-04-28-A,WO-100022,45,45,0.0,True,False,8
S7,2026-04-28,B,2026-04-28-B,WO-100022,58,57,-1.724,True,False,11
S7,2026-04-28,C,2026-04-28-C,WO-100022,75,74,-1.333,True,False,16
S7,2026-04-29,A,2026-04-29-A,WO-100023,61,61,0.0,True,False,7
S7,2026-04-29,B,2026-04-29-B,WO-100023,65,66,1.538,True,False,10
S7,2026-04-29,C,2026-04-29-C,WO-100023,46,46,0.0,True,False,3
S7,2026-04-30,A,2026-04-30-A,WO-100023,46,45,-2.174,True,False,24
S7,2026-04-30,B,2026-04-30-B,WO-100023,69,69,0.0,True,False,17
S7,2026-04-30,C,2026-04-30-C,WO-100023,49,48,-2.041,True,False,2
S7,2026-05-01,A,2026-05-01-A,WO-100023,58,59,1.724,True,False,7
S7,2026-05-01,B,2026-05-01-B,WO-100023,84,83,-1.19,True,False,41
S7,2026-05-01,C,2026-05-01-C,WO-100023,61,61,0.0,True,False,0
S7,2026-05-02,A,2026-05-02-A,WO-100023,48,49,2.083,True,False,29
S7,2026-05-02,B,2026-05-02-B,WO-100023,81,82,1.235,True,False,4
S7,2026-05-02,C,2026-05-02-C,WO-100023,59,60,1.695,True,False,42
S7,2026-05-03,A,2026-05-03-A,WO-100023,68,67,-1.471,True,False,1
S7,2026-05-03,B,2026-05-03-B,WO-100023,68,67,-1.471,True,False,25
S7,2026-05-03,C,2026-05-03-C,WO-100023,56,56,0.0,True,False,14
S7,2026-05-04,A,2026-05-04-A,WO-100023,58,58,0.0,True,False,5
S7,2026-05-04,B,2026-05-04-B,WO-100023,64,64,0.0,True,False,43
S7,2026-05-04,C,2026-05-04-C,WO-100023,59,58,-1.695,True,False,7
S7,2026-05-05,A,2026-05-05-A,WO-100023,43,44,2.326,True,False,24
S7,2026-05-05,B,2026-05-05-B,WO-100023,54,53,-1.852,True,False,44
S7,2026-05-05,C,2026-05-05-C,WO-100023,41,40,-2.439,True,False,4
S7,2026-05-06,A,2026-05-06-A,WO-100024,58,57,-1.724,True,False,2
S7,2026-05-06,B,2026-05-06-B,WO-100024,48,47,-2.083,True,False,23
S7,2026-05-06,C,2026-05-06-C,WO-100024,63,63,0.0,True,False,14
S7,2026-05-07,A,2026-05-07-A,WO-100024,54,54,0.0,True,False,9
S7,2026-05-07,B,2026-05-07-B,WO-100024,48,49,2.083,True,False,34
S7,2026-05-07,C,2026-05-07-C,WO-100024,48,47,-2.083,True,False,40
S7,2026-05-08,A,2026-05-08-A,WO-100024,54,55,1.852,True,False,7
S7,2026-05-08,B,2026-05-08-B,WO-100024,56,55,-1.786,True,False,12
S7,2026-05-08,C,2026-05-08-C,WO-100024,75,76,1.333,True,False,3
S7,2026-05-09,A,2026-05-09-A,WO-100024,59,59,0.0,True,False,10
S7,2026-05-09,B,2026-05-09-B,WO-100024,49,50,2.041,True,False,29
S7,2026-05-09,C,2026-05-09-C,WO-100024,63,62,-1.587,True,False,1
S7,2026-05-10,A,2026-05-10-A,WO-100024,48,48,0.0,True,False,28
S7,2026-05-10,B,2026-05-10-B,WO-100024,57,56,-1.754,True,False,22
S7,2026-05-10,C,2026-05-10-C,WO-100024,57,56,-1.754,True,False,3
S7,2026-05-11,A,2026-05-11-A,WO-100024,66,66,0.0,True,False,26
S7,2026-05-11,B,2026-05-11-B,WO-100024,65,66,1.538,True,False,43
S7,2026-05-11,C,2026-05-11-C,WO-100024,69,68,-1.449,True,False,31
S7,2026-05-12,A,2026-05-12-A,WO-100024,71,70,-1.408,True,False,38
S7,2026-05-12,B,2026-05-12-B,WO-100024,48,49,2.083,True,False,28
S7,2026-05-12,C,2026-05-12-C,WO-100024,56,56,0.0,True,False,21
S7,2026-05-13,A,2026-05-13-A,WO-100025,43,43,0.0,True,False,45
S7,2026-05-13,B,2026-05-13-B,WO-100025,60,61,1.667,True,False,11
S7,2026-05-13,C,2026-05-13-C,WO-100025,60,60,0.0,True,False,37
S7,2026-05-14,A,2026-05-14-A,WO-100025,63,62,-1.587,True,False,23
S7,2026-05-14,B,2026-05-14-B,WO-100025,79,78,-1.266,True,False,0
S7,2026-05-14,C,2026-05-14-C,WO-100025,48,47,-2.083,True,False,40
S7,2026-05-15,A,2026-05-15-A,WO-100025,57,56,-1.754,True,False,6
S7,2026-05-15,B,2026-05-15-B,WO-100025,54,55,1.852,True,False,9
S7,2026-05-15,C,2026-05-15-C,WO-100025,65,64,-1.538,True,False,9
S7,2026-05-16,A,2026-05-16-A,WO-100025,81,82,1.235,True,False,7
S7,2026-05-16,B,2026-05-16-B,WO-100025,69,68,-1.449,True,False,30
S7,2026-05-16,C,2026-05-16-C,WO-100025,58,57,-1.724,True,False,9
S7,2026-05-17,A,2026-05-17-A,WO-100025,63,64,1.587,True,False,45
S7,2026-05-17,B,2026-05-17-B,WO-100025,59,58,-1.695,True,False,42
S7,2026-05-17,C,2026-05-17-C,WO-100025,62,61,-1.613,True,False,14
S7,2026-05-18,A,2026-05-18-A,WO-100025,64,63,-1.563,True,False,27
S7,2026-05-18,B,2026-05-18-B,WO-100025,52,52,0.0,True,False,33
S7,2026-05-18,C,2026-05-18-C,WO-100025,64,63,-1.563,True,False,21
S7,2026-05-19,A,2026-05-19-A,WO-100025,66,66,0.0,True,False,36
S7,2026-05-19,B,2026-05-19-B,WO-100025,50,51,2.0,True,False,39
S7,2026-05-19,C,2026-05-19-C,WO-100025,58,59,1.724,True,False,23
S7,2026-05-20,A,2026-05-20-A,WO-100026,41,41,0.0,True,False,8
S7,2026-05-20,B,2026-05-20-B,WO-100026,60,59,-1.667,True,False,39
S7,2026-05-20,C,2026-05-20-C,WO-100026,55,56,1.818,True,False,16
S7,2026-05-21,A,2026-05-21-A,WO-100026,64,63,-1.563,True,False,14
S7,2026-05-21,B,2026-05-21-B,WO-100026,67,66,-1.493,True,False,39
S7,2026-05-21,C,2026-05-21-C,WO-100026,84,84,0.0,True,False,22
S7,2026-05-22,A,2026-05-22-A,WO-100026,62,63,1.613,True,False,14
S7,2026-05-22,B,2026-05-22-B,WO-100026,61,60,-1.639,True,False,5
S7,2026-05-22,C,2026-05-22-C,WO-100026,74,74,0.0,True,False,41
S7,2026-05-23,A,2026-05-23-A,WO-100026,63,64,1.587,True,False,10
S7,2026-05-23,B,2026-05-23-B,WO-100026,61,61,0.0,True,False,10
S7,2026-05-23,C,2026-05-23-C,WO-100026,49,50,2.041,True,False,19
S7,2026-05-24,A,2026-05-24-A,WO-100026,49,50,2.041,True,False,10
S7,2026-05-24,B,2026-05-24-B,WO-100026,61,60,-1.639,True,False,18
S7,2026-05-24,C,2026-05-24-C,WO-100026,61,62,1.639,True,False,23
S7,2026-05-25,A,2026-05-25-A,WO-100026,43,44,2.326,True,False,34
S7,2026-05-25,B,2026-05-25-B,WO-100026,64,64,0.0,True,False,1
S7,2026-05-25,C,2026-05-25-C,WO-100026,36,36,0.0,True,False,20
S7,2026-05-26,A,2026-05-26-A,WO-100026,61,61,0.0,True,False,4
S7,2026-05-26,B,2026-05-26-B,WO-100026,61,60,-1.639,True,False,21
S7,2026-05-26,C,2026-05-26-C,WO-100026,63,63,0.0,True,False,32
S7,2026-05-27,A,2026-05-27-A,WO-100027,50,50,0.0,True,False,23
S7,2026-05-27,B,2026-05-27-B,WO-100027,56,56,0.0,True,False,22
S7,2026-05-27,C,2026-05-27-C,WO-100027,50,49,-2.0,True,False,15
S7,2026-05-28,A,2026-05-28-A,WO-100027,66,66,0.0,True,False,20
S7,2026-05-28,B,2026-05-28-B,WO-100027,52,53,1.923,True,False,44
S7,2026-05-28,C,2026-05-28-C,WO-100027,52,52,0.0,True,False,20
S7,2026-05-29,A,2026-05-29-A,WO-100027,49,48,-2.041,True,False,41
S7,2026-05-29,B,2026-05-29-B,WO-100027,52,53,1.923,True,False,30
S7,2026-05-29,C,2026-05-29-C,WO-100027,52,52,0.0,True,False,13
S7,2026-05-30,A,2026-05-30-A,WO-100027,72,72,0.0,True,False,30
S7,2026-05-30,B,2026-05-30-B,WO-100027,67,68,1.493,True,False,37
S7,2026-05-30,C,2026-05-30-C,WO-100027,20,20,0.0,True,False,14
S8,2026-03-31,C,2026-03-31-C,,35,35,0.0,True,False,19
S8,2026-04-01,A,2026-04-01-A,WO-100019,59,60,1.695,True,False,33
S8,2026-04-01,B,2026-04-01-B,WO-100019,63,64,1.587,True,False,25
S8,2026-04-01,C,2026-04-01-C,WO-100019,64,65,1.563,True,False,19
S8,2026-04-02,A,2026-04-02-A,WO-100019,64,63,-1.563,True,False,38
S8,2026-04-02,B,2026-04-02-B,WO-100019,80,79,-1.25,True,False,37
S8,2026-04-02,C,2026-04-02-C,WO-100019,58,58,0.0,True,False,43
S8,2026-04-03,A,2026-04-03-A,WO-100019,61,60,-1.639,True,False,14
S8,2026-04-03,B,2026-04-03-B,WO-100019,78,77,-1.282,True,False,10
S8,2026-04-03,C,2026-04-03-C,WO-100019,50,51,2.0,True,False,3
S8,2026-04-04,A,2026-04-04-A,WO-100019,60,59,-1.667,True,False,44
S8,2026-04-04,B,2026-04-04-B,WO-100019,56,55,-1.786,True,False,12
S8,2026-04-04,C,2026-04-04-C,WO-100019,50,49,-2.0,True,False,18
S8,2026-04-05,A,2026-04-05-A,WO-100019,57,56,-1.754,True,False,9
S8,2026-04-05,B,2026-04-05-B,WO-100019,61,61,0.0,True,False,13
S8,2026-04-05,C,2026-04-05-C,WO-100019,75,76,1.333,True,False,23
S8,2026-04-06,A,2026-04-06-A,WO-100019,62,62,0.0,True,False,27
S8,2026-04-06,B,2026-04-06-B,WO-100019,71,70,-1.408,True,False,43
S8,2026-04-06,C,2026-04-06-C,WO-100019,66,66,0.0,True,False,42
S8,2026-04-07,A,2026-04-07-A,WO-100019,74,75,1.351,True,False,34
S8,2026-04-07,B,2026-04-07-B,WO-100019,62,61,-1.613,True,False,44
S8,2026-04-07,C,2026-04-07-C,WO-100019,62,63,1.613,True,False,41
S8,2026-04-08,A,2026-04-08-A,WO-100020,56,57,1.786,True,False,45
S8,2026-04-08,B,2026-04-08-B,WO-100020,76,75,-1.316,True,False,41
S8,2026-04-08,C,2026-04-08-C,WO-100020,57,58,1.754,True,False,14
S8,2026-04-09,A,2026-04-09-A,WO-100020,59,60,1.695,True,False,13
S8,2026-04-09,B,2026-04-09-B,WO-100020,68,68,0.0,True,False,22
S8,2026-04-09,C,2026-04-09-C,WO-100020,49,49,0.0,True,False,25
S8,2026-04-10,A,2026-04-10-A,WO-100020,67,66,-1.493,True,False,12
S8,2026-04-10,B,2026-04-10-B,WO-100020,58,57,-1.724,True,False,35
S8,2026-04-10,C,2026-04-10-C,WO-100020,59,58,-1.695,True,False,5
S8,2026-04-11,A,2026-04-11-A,WO-100020,62,63,1.613,True,False,21
S8,2026-04-11,B,2026-04-11-B,WO-100020,55,55,0.0,True,False,8
S8,2026-04-11,C,2026-04-11-C,WO-100020,46,45,-2.174,True,False,4
S8,2026-04-12,A,2026-04-12-A,WO-100020,76,77,1.316,True,False,44
S8,2026-04-12,B,2026-04-12-B,WO-100020,52,52,0.0,True,False,9
S8,2026-04-12,C,2026-04-12-C,WO-100020,57,58,1.754,True,False,9
S8,2026-04-13,A,2026-04-13-A,WO-100020,64,63,-1.563,True,False,34
S8,2026-04-13,B,2026-04-13-B,WO-100020,57,58,1.754,True,False,18
S8,2026-04-13,C,2026-04-13-C,WO-100020,51,51,0.0,True,False,43
S8,2026-04-14,A,2026-04-14-A,WO-100020,57,57,0.0,True,False,15
S8,2026-04-14,B,2026-04-14-B,WO-100020,53,52,-1.887,True,False,27
S8,2026-04-14,C,2026-04-14-C,WO-100020,60,61,1.667,True,False,21
S8,2026-04-15,A,2026-04-15-A,WO-100021,59,58,-1.695,True,False,1
S8,2026-04-15,B,2026-04-15-B,WO-100021,77,77,0.0,True,False,27
S8,2026-04-15,C,2026-04-15-C,WO-100021,61,62,1.639,True,False,1
S8,2026-04-16,A,2026-04-16-A,WO-100021,49,48,-2.041,True,False,27
S8,2026-04-16,B,2026-04-16-B,WO-100021,44,45,2.273,True,False,36
S8,2026-04-16,C,2026-04-16-C,WO-100021,62,62,0.0,True,False,36
S8,2026-04-17,A,2026-04-17-A,WO-100021,61,60,-1.639,True,False,43
S8,2026-04-17,B,2026-04-17-B,WO-100021,53,54,1.887,True,False,39
S8,2026-04-17,C,2026-04-17-C,WO-100021,56,55,-1.786,True,False,2
S8,2026-04-18,A,2026-04-18-A,WO-100021,58,59,1.724,True,False,0
S8,2026-04-18,B,2026-04-18-B,WO-100021,55,55,0.0,True,False,33
S8,2026-04-18,C,2026-04-18-C,WO-100021,55,56,1.818,True,False,36
S8,2026-04-19,A,2026-04-19-A,WO-100021,53,54,1.887,True,False,6
S8,2026-04-19,B,2026-04-19-B,WO-100021,48,47,-2.083,True,False,4
S8,2026-04-19,C,2026-04-19-C,WO-100021,53,54,1.887,True,False,17
S8,2026-04-20,A,2026-04-20-A,WO-100021,42,42,0.0,True,False,14
S8,2026-04-20,B,2026-04-20-B,WO-100021,61,62,1.639,True,False,14
S8,2026-04-20,C,2026-04-20-C,WO-100021,60,59,-1.667,True,False,8
S8,2026-04-21,A,2026-04-21-A,WO-100021,62,62,0.0,True,False,4
S8,2026-04-21,B,2026-04-21-B,WO-100021,56,56,0.0,True,False,10
S8,2026-04-21,C,2026-04-21-C,WO-100021,70,69,-1.429,True,False,36
S8,2026-04-22,A,2026-04-22-A,WO-100022,60,59,-1.667,True,False,26
S8,2026-04-22,B,2026-04-22-B,WO-100022,66,67,1.515,True,False,32
S8,2026-04-22,C,2026-04-22-C,WO-100022,62,63,1.613,True,False,21
S8,2026-04-23,A,2026-04-23-A,WO-100022,66,67,1.515,True,False,36
S8,2026-04-23,B,2026-04-23-B,WO-100022,69,68,-1.449,True,False,29
S8,2026-04-23,C,2026-04-23-C,WO-100022,56,56,0.0,True,False,44
S8,2026-04-24,A,2026-04-24-A,WO-100022,68,67,-1.471,True,False,38
S8,2026-04-24,B,2026-04-24-B,WO-100022,63,62,-1.587,True,False,36
S8,2026-04-24,C,2026-04-24-C,WO-100022,71,72,1.408,True,False,24
S8,2026-04-25,A,2026-04-25-A,WO-100022,58,57,-1.724,True,False,41
S8,2026-04-25,B,2026-04-25-B,WO-100022,62,63,1.613,True,False,36
S8,2026-04-25,C,2026-04-25-C,WO-100022,80,80,0.0,True,False,41
S8,2026-04-26,A,2026-04-26-A,WO-100022,57,56,-1.754,True,False,17
S8,2026-04-26,B,2026-04-26-B,WO-100022,69,69,0.0,True,False,15
S8,2026-04-26,C,2026-04-26-C,WO-100022,64,65,1.563,True,False,20
S8,2026-04-27,A,2026-04-27-A,WO-100022,51,52,1.961,True,False,34
S8,2026-04-27,B,2026-04-27-B,WO-100022,58,58,0.0,True,False,37
S8,2026-04-27,C,2026-04-27-C,WO-100022,58,59,1.724,True,False,43
S8,2026-04-28,A,2026-04-28-A,WO-100022,63,62,-1.587,True,False,28
S8,2026-04-28,B,2026-04-28-B,WO-100022,55,55,0.0,True,False,1
S8,2026-04-28,C,2026-04-28-C,WO-100022,51,50,-1.961,True,False,13
S8,2026-04-29,A,2026-04-29-A,WO-100023,56,55,-1.786,True,False,19
S8,2026-04-29,B,2026-04-29-B,WO-100023,55,56,1.818,True,False,43
S8,2026-04-29,C,2026-04-29-C,WO-100023,55,54,-1.818,True,False,24
S8,2026-04-30,A,2026-04-30-A,WO-100023,66,65,-1.515,True,False,25
S8,2026-04-30,B,2026-04-30-B,WO-100023,60,60,0.0,True,False,37
S8,2026-04-30,C,2026-04-30-C,WO-100023,70,69,-1.429,True,False,35
S8,2026-05-01,A,2026-05-01-A,WO-100023,51,52,1.961,True,False,35
S8,2026-05-01,B,2026-05-01-B,WO-100023,54,54,0.0,True,False,26
S8,2026-05-01,C,2026-05-01-C,WO-100023,56,55,-1.786,True,False,27
S8,2026-05-02,A,2026-05-02-A,WO-100023,71,70,-1.408,True,False,14
S8,2026-05-02,B,2026-05-02-B,WO-100023,48,48,0.0,True,False,31
S8,2026-05-02,C,2026-05-02-C,WO-100023,63,64,1.587,True,False,22
S8,2026-05-03,A,2026-05-03-A,WO-100023,52,51,-1.923,True,False,27
S8,2026-05-03,B,2026-05-03-B,WO-100023,45,45,0.0,True,False,12
S8,2026-05-03,C,2026-05-03-C,WO-100023,51,52,1.961,True,False,42
S8,2026-05-04,A,2026-05-04-A,WO-100023,55,55,0.0,True,False,20
S8,2026-05-04,B,2026-05-04-B,WO-100023,59,60,1.695,True,False,45
S8,2026-05-04,C,2026-05-04-C,WO-100023,56,56,0.0,True,False,45
S8,2026-05-05,A,2026-05-05-A,WO-100023,67,66,-1.493,True,False,20
S8,2026-05-05,B,2026-05-05-B,WO-100023,70,69,-1.429,True,False,6
S8,2026-05-05,C,2026-05-05-C,WO-100023,64,63,-1.563,True,False,10
S8,2026-05-06,A,2026-05-06-A,WO-100024,63,62,-1.587,True,False,32
S8,2026-05-06,B,2026-05-06-B,WO-100024,71,70,-1.408,True,False,12
S8,2026-05-06,C,2026-05-06-C,WO-100024,67,67,0.0,True,False,7
S8,2026-05-07,A,2026-05-07-A,WO-100024,59,59,0.0,True,False,21
S8,2026-05-07,B,2026-05-07-B,WO-100024,69,69,0.0,True,False,23
S8,2026-05-07,C,2026-05-07-C,WO-100024,63,63,0.0,True,False,2
S8,2026-05-08,A,2026-05-08-A,WO-100024,61,60,-1.639,True,False,37
S8,2026-05-08,B,2026-05-08-B,WO-100024,73,74,1.37,True,False,16
S8,2026-05-08,C,2026-05-08-C,WO-100024,64,64,0.0,True,False,27
S8,2026-05-09,A,2026-05-09-A,WO-100024,47,46,-2.128,True,False,27
S8,2026-05-09,B,2026-05-09-B,WO-100024,55,55,0.0,True,False,19
S8,2026-05-09,C,2026-05-09-C,WO-100024,68,69,1.471,True,False,25
S8,2026-05-10,A,2026-05-10-A,WO-100024,67,66,-1.493,True,False,20
S8,2026-05-10,B,2026-05-10-B,WO-100024,64,65,1.563,True,False,14
S8,2026-05-10,C,2026-05-10-C,WO-100024,52,51,-1.923,True,False,42
S8,2026-05-11,A,2026-05-11-A,WO-100024,56,55,-1.786,True,False,23
S8,2026-05-11,B,2026-05-11-B,WO-100024,51,50,-1.961,True,False,21
S8,2026-05-11,C,2026-05-11-C,WO-100024,73,74,1.37,True,False,6
S8,2026-05-12,A,2026-05-12-A,WO-100024,60,60,0.0,True,False,43
S8,2026-05-12,B,2026-05-12-B,WO-100024,67,67,0.0,True,False,25
S8,2026-05-12,C,2026-05-12-C,WO-100024,55,56,1.818,True,False,22
S8,2026-05-13,A,2026-05-13-A,WO-100025,60,60,0.0,True,False,40
S8,2026-05-13,B,2026-05-13-B,WO-100025,62,62,0.0,True,False,1
S8,2026-05-13,C,2026-05-13-C,WO-100025,65,64,-1.538,True,False,27
S8,2026-05-14,A,2026-05-14-A,WO-100025,62,61,-1.613,True,False,18
S8,2026-05-14,B,2026-05-14-B,WO-100025,51,52,1.961,True,False,43
S8,2026-05-14,C,2026-05-14-C,WO-100025,61,61,0.0,True,False,12
S8,2026-05-15,A,2026-05-15-A,WO-100025,57,57,0.0,True,False,7
S8,2026-05-15,B,2026-05-15-B,WO-100025,51,52,1.961,True,False,19
S8,2026-05-15,C,2026-05-15-C,WO-100025,68,67,-1.471,True,False,29
S8,2026-05-16,A,2026-05-16-A,WO-100025,60,59,-1.667,True,False,36
S8,2026-05-16,B,2026-05-16-B,WO-100025,59,60,1.695,True,False,22
S8,2026-05-16,C,2026-05-16-C,WO-100025,52,53,1.923,True,False,21
S8,2026-05-17,A,2026-05-17-A,WO-100025,61,62,1.639,True,False,35
S8,2026-05-17,B,2026-05-17-B,WO-100025,64,64,0.0,True,False,41
S8,2026-05-17,C,2026-05-17-C,WO-100025,64,63,-1.563,True,False,29
S8,2026-05-18,A,2026-05-18-A,WO-100025,79,78,-1.266,True,False,17
S8,2026-05-18,B,2026-05-18-B,WO-100025,54,55,1.852,True,False,6
S8,2026-05-18,C,2026-05-18-C,WO-100025,53,54,1.887,True,False,12
S8,2026-05-19,A,2026-05-19-A,WO-100025,47,48,2.128,True,False,22
S8,2026-05-19,B,2026-05-19-B,WO-100025,57,57,0.0,True,False,25
S8,2026-05-19,C,2026-05-19-C,WO-100025,64,63,-1.563,True,False,8
S8,2026-05-20,A,2026-05-20-A,WO-100026,55,55,0.0,True,False,22
S8,2026-05-20,B,2026-05-20-B,WO-100026,59,60,1.695,True,False,18
S8,2026-05-20,C,2026-05-20-C,WO-100026,61,61,0.0,True,False,14
S8,2026-05-21,A,2026-05-21-A,WO-100026,59,60,1.695,True,False,16
S8,2026-05-21,B,2026-05-21-B,WO-100026,63,64,1.587,True,False,18
S8,2026-05-21,C,2026-05-21-C,WO-100026,73,37,-49.315,True,True,45
S8,2026-05-22,A,2026-05-22-A,WO-100026,62,61,-1.613,True,False,4
S8,2026-05-22,B,2026-05-22-B,WO-100026,78,78,0.0,True,False,5
S8,2026-05-22,C,2026-05-22-C,WO-100026,54,55,1.852,True,False,38
S8,2026-05-23,A,2026-05-23-A,WO-100026,66,67,1.515,True,False,41
S8,2026-05-23,B,2026-05-23-B,WO-100026,77,78,1.299,True,False,16
S8,2026-05-23,C,2026-05-23-C,WO-100026,61,60,-1.639,True,False,21
S8,2026-05-24,A,2026-05-24-A,WO-100026,43,44,2.326,True,False,27
S8,2026-05-24,B,2026-05-24-B,WO-100026,59,59,0.0,True,False,38
S8,2026-05-24,C,2026-05-24-C,WO-100026,68,69,1.471,True,False,41
S8,2026-05-25,A,2026-05-25-A,WO-100026,68,67,-1.471,True,False,44
S8,2026-05-25,B,2026-05-25-B,WO-100026,64,63,-1.563,True,False,25
S8,2026-05-25,C,2026-05-25-C,WO-100026,79,79,0.0,True,False,22
S8,2026-05-26,A,2026-05-26-A,WO-100026,61,62,1.639,True,False,29
S8,2026-05-26,B,2026-05-26-B,WO-100026,61,61,0.0,True,False,2
S8,2026-05-26,C,2026-05-26-C,WO-100026,55,54,-1.818,True,False,16
S8,2026-05-27,A,2026-05-27-A,WO-100027,56,56,0.0,True,False,0
S8,2026-05-27,B,2026-05-27-B,WO-100027,54,53,-1.852,True,False,6
S8,2026-05-27,C,2026-05-27-C,WO-100027,65,66,1.538,True,False,13
S8,2026-05-28,A,2026-05-28-A,WO-100027,65,66,1.538,True,False,37
S8,2026-05-28,B,2026-05-28-B,WO-100027,53,52,-1.887,True,False,16
S8,2026-05-28,C,2026-05-28-C,WO-100027,63,62,-1.587,True,False,16
S8,2026-05-29,A,2026-05-29-A,WO-100027,56,56,0.0,True,False,43
S8,2026-05-29,B,2026-05-29-B,WO-100027,77,76,-1.299,True,False,37
S8,2026-05-29,C,2026-05-29-C,WO-100027,57,56,-1.754,True,False,21
S8,2026-05-30,A,2026-05-30-A,WO-100027,45,44,-2.222,True,False,43
S8,2026-05-30,B,2026-05-30-B,WO-100027,58,57,-1.724,True,False,21
S8,2026-05-30,C,2026-05-30-C,WO-100027,12,12,0.0,True,False,28
S9,2026-03-31,C,2026-03-31-C,,46,47,2.174,True,False,35
S9,2026-04-01,A,2026-04-01-A,WO-100019,68,67,-1.471,True,False,32
S9,2026-04-01,B,2026-04-01-B,WO-100019,75,76,1.333,True,False,39
S9,2026-04-01,C,2026-04-01-C,WO-100019,60,59,-1.667,True,False,41
S9,2026-04-02,A,2026-04-02-A,WO-100019,70,69,-1.429,True,False,41
S9,2026-04-02,B,2026-04-02-B,WO-100019,69,68,-1.449,True,False,10
S9,2026-04-02,C,2026-04-02-C,WO-100019,84,83,-1.19,True,False,30
S9,2026-04-03,A,2026-04-03-A,WO-100019,52,51,-1.923,True,False,0
S9,2026-04-03,B,2026-04-03-B,WO-100019,47,47,0.0,True,False,26
S9,2026-04-03,C,2026-04-03-C,WO-100019,61,61,0.0,True,False,31
S9,2026-04-04,A,2026-04-04-A,WO-100019,61,60,-1.639,True,False,23
S9,2026-04-04,B,2026-04-04-B,WO-100019,83,84,1.205,True,False,25
S9,2026-04-04,C,2026-04-04-C,WO-100019,51,50,-1.961,True,False,6
S9,2026-04-05,A,2026-04-05-A,WO-100019,50,51,2.0,True,False,5
S9,2026-04-05,B,2026-04-05-B,WO-100019,60,59,-1.667,True,False,29
S9,2026-04-05,C,2026-04-05-C,WO-100019,61,62,1.639,True,False,4
S9,2026-04-06,A,2026-04-06-A,WO-100019,63,63,0.0,True,False,41
S9,2026-04-06,B,2026-04-06-B,WO-100019,61,62,1.639,True,False,27
S9,2026-04-06,C,2026-04-06-C,WO-100019,50,50,0.0,True,False,27
S9,2026-04-07,A,2026-04-07-A,WO-100019,57,58,1.754,True,False,29
S9,2026-04-07,B,2026-04-07-B,WO-100019,61,61,0.0,True,False,31
S9,2026-04-07,C,2026-04-07-C,WO-100019,58,58,0.0,True,False,1
S9,2026-04-08,A,2026-04-08-A,WO-100020,66,66,0.0,True,False,39
S9,2026-04-08,B,2026-04-08-B,WO-100020,66,65,-1.515,True,False,10
S9,2026-04-08,C,2026-04-08-C,WO-100020,70,69,-1.429,True,False,34
S9,2026-04-09,A,2026-04-09-A,WO-100020,53,54,1.887,True,False,13
S9,2026-04-09,B,2026-04-09-B,WO-100020,64,64,0.0,True,False,13
S9,2026-04-09,C,2026-04-09-C,WO-100020,61,62,1.639,True,False,14
S9,2026-04-10,A,2026-04-10-A,WO-100020,70,70,0.0,True,False,34
S9,2026-04-10,B,2026-04-10-B,WO-100020,57,56,-1.754,True,False,4
S9,2026-04-10,C,2026-04-10-C,WO-100020,70,70,0.0,True,False,12
S9,2026-04-11,A,2026-04-11-A,WO-100020,59,59,0.0,True,False,30
S9,2026-04-11,B,2026-04-11-B,WO-100020,61,60,-1.639,True,False,31
S9,2026-04-11,C,2026-04-11-C,WO-100020,52,52,0.0,True,False,38
S9,2026-04-12,A,2026-04-12-A,WO-100020,62,63,1.613,True,False,27
S9,2026-04-12,B,2026-04-12-B,WO-100020,75,74,-1.333,True,False,39
S9,2026-04-12,C,2026-04-12-C,WO-100020,52,53,1.923,True,False,36
S9,2026-04-13,A,2026-04-13-A,WO-100020,57,58,1.754,True,False,32
S9,2026-04-13,B,2026-04-13-B,WO-100020,53,52,-1.887,True,False,17
S9,2026-04-13,C,2026-04-13-C,WO-100020,51,52,1.961,True,False,43
S9,2026-04-14,A,2026-04-14-A,WO-100020,64,65,1.563,True,False,43
S9,2026-04-14,B,2026-04-14-B,WO-100020,50,51,2.0,True,False,14
S9,2026-04-14,C,2026-04-14-C,WO-100020,56,56,0.0,True,False,20
S9,2026-04-15,A,2026-04-15-A,WO-100021,57,56,-1.754,True,False,43
S9,2026-04-15,B,2026-04-15-B,WO-100021,70,70,0.0,True,False,2
S9,2026-04-15,C,2026-04-15-C,WO-100021,58,58,0.0,True,False,34
S9,2026-04-16,A,2026-04-16-A,WO-100021,61,61,0.0,True,False,39
S9,2026-04-16,B,2026-04-16-B,WO-100021,60,59,-1.667,True,False,18
S9,2026-04-16,C,2026-04-16-C,WO-100021,54,53,-1.852,True,False,41
S9,2026-04-17,A,2026-04-17-A,WO-100021,52,53,1.923,True,False,17
S9,2026-04-17,B,2026-04-17-B,WO-100021,51,52,1.961,True,False,34
S9,2026-04-17,C,2026-04-17-C,WO-100021,74,73,-1.351,True,False,7
S9,2026-04-18,A,2026-04-18-A,WO-100021,59,58,-1.695,True,False,25
S9,2026-04-18,B,2026-04-18-B,WO-100021,72,72,0.0,True,False,2
S9,2026-04-18,C,2026-04-18-C,WO-100021,61,60,-1.639,True,False,22
S9,2026-04-19,A,2026-04-19-A,WO-100021,66,67,1.515,True,False,15
S9,2026-04-19,B,2026-04-19-B,WO-100021,70,70,0.0,True,False,21
S9,2026-04-19,C,2026-04-19-C,WO-100021,68,69,1.471,True,False,8
S9,2026-04-20,A,2026-04-20-A,WO-100021,76,77,1.316,True,False,5
S9,2026-04-20,B,2026-04-20-B,WO-100021,62,61,-1.613,True,False,13
S9,2026-04-20,C,2026-04-20-C,WO-100021,50,49,-2.0,True,False,0
S9,2026-04-21,A,2026-04-21-A,WO-100021,53,52,-1.887,True,False,8
S9,2026-04-21,B,2026-04-21-B,WO-100021,61,62,1.639,True,False,17
S9,2026-04-21,C,2026-04-21-C,WO-100021,52,52,0.0,True,False,22
S9,2026-04-22,A,2026-04-22-A,WO-100022,46,45,-2.174,True,False,25
S9,2026-04-22,B,2026-04-22-B,WO-100022,50,50,0.0,True,False,5
S9,2026-04-22,C,2026-04-22-C,WO-100022,52,52,0.0,True,False,14
S9,2026-04-23,A,2026-04-23-A,WO-100022,62,62,0.0,True,False,27
S9,2026-04-23,B,2026-04-23-B,WO-100022,47,48,2.128,True,False,17
S9,2026-04-23,C,2026-04-23-C,WO-100022,51,51,0.0,True,False,33
S9,2026-04-24,A,2026-04-24-A,WO-100022,53,53,0.0,True,False,36
S9,2026-04-24,B,2026-04-24-B,WO-100022,79,78,-1.266,True,False,39
S9,2026-04-24,C,2026-04-24-C,WO-100022,71,71,0.0,True,False,12
S9,2026-04-25,A,2026-04-25-A,WO-100022,62,62,0.0,True,False,20
S9,2026-04-25,B,2026-04-25-B,WO-100022,51,51,0.0,True,False,22
S9,2026-04-25,C,2026-04-25-C,WO-100022,66,67,1.515,True,False,18
S9,2026-04-26,A,2026-04-26-A,WO-100022,46,45,-2.174,True,False,7
S9,2026-04-26,B,2026-04-26-B,WO-100022,56,55,-1.786,True,False,19
S9,2026-04-26,C,2026-04-26-C,WO-100022,42,42,0.0,True,False,3
S9,2026-04-27,A,2026-04-27-A,WO-100022,65,64,-1.538,True,False,7
S9,2026-04-27,B,2026-04-27-B,WO-100022,73,73,0.0,True,False,14
S9,2026-04-27,C,2026-04-27-C,WO-100022,57,56,-1.754,True,False,0
S9,2026-04-28,A,2026-04-28-A,WO-100022,72,72,0.0,True,False,5
S9,2026-04-28,B,2026-04-28-B,WO-100022,64,64,0.0,True,False,4
S9,2026-04-28,C,2026-04-28-C,WO-100022,49,49,0.0,True,False,11
S9,2026-04-29,A,2026-04-29-A,WO-100023,48,49,2.083,True,False,41
S9,2026-04-29,B,2026-04-29-B,WO-100023,68,67,-1.471,True,False,9
S9,2026-04-29,C,2026-04-29-C,WO-100023,67,68,1.493,True,False,8
S9,2026-04-30,A,2026-04-30-A,WO-100023,57,58,1.754,True,False,41
S9,2026-04-30,B,2026-04-30-B,WO-100023,43,44,2.326,True,False,18
S9,2026-04-30,C,2026-04-30-C,WO-100023,59,58,-1.695,True,False,21
S9,2026-05-01,A,2026-05-01-A,WO-100023,52,53,1.923,True,False,32
S9,2026-05-01,B,2026-05-01-B,WO-100023,55,55,0.0,True,False,11
S9,2026-05-01,C,2026-05-01-C,WO-100023,63,63,0.0,True,False,9
S9,2026-05-02,A,2026-05-02-A,WO-100023,55,56,1.818,True,False,25
S9,2026-05-02,B,2026-05-02-B,WO-100023,61,61,0.0,True,False,24
S9,2026-05-02,C,2026-05-02-C,WO-100023,62,61,-1.613,True,False,41
S9,2026-05-03,A,2026-05-03-A,WO-100023,57,56,-1.754,True,False,21
S9,2026-05-03,B,2026-05-03-B,WO-100023,66,65,-1.515,True,False,17
S9,2026-05-03,C,2026-05-03-C,WO-100023,73,72,-1.37,True,False,31
S9,2026-05-04,A,2026-05-04-A,WO-100023,52,53,1.923,True,False,21
S9,2026-05-04,B,2026-05-04-B,WO-100023,48,47,-2.083,True,False,6
S9,2026-05-04,C,2026-05-04-C,WO-100023,59,60,1.695,True,False,44
S9,2026-05-05,A,2026-05-05-A,WO-100023,47,46,-2.128,True,False,32
S9,2026-05-05,B,2026-05-05-B,WO-100023,57,56,-1.754,True,False,44
S9,2026-05-05,C,2026-05-05-C,WO-100023,49,49,0.0,True,False,42
S9,2026-05-06,A,2026-05-06-A,WO-100024,50,50,0.0,True,False,27
S9,2026-05-06,B,2026-05-06-B,WO-100024,54,53,-1.852,True,False,6
S9,2026-05-06,C,2026-05-06-C,WO-100024,60,61,1.667,True,False,12
S9,2026-05-07,A,2026-05-07-A,WO-100024,60,59,-1.667,True,False,20
S9,2026-05-07,B,2026-05-07-B,WO-100024,62,62,0.0,True,False,21
S9,2026-05-07,C,2026-05-07-C,WO-100024,53,54,1.887,True,False,4
S9,2026-05-08,A,2026-05-08-A,WO-100024,56,56,0.0,True,False,8
S9,2026-05-08,B,2026-05-08-B,WO-100024,62,62,0.0,True,False,38
S9,2026-05-08,C,2026-05-08-C,WO-100024,62,61,-1.613,True,False,13
S9,2026-05-09,A,2026-05-09-A,WO-100024,67,66,-1.493,True,False,18
S9,2026-05-09,B,2026-05-09-B,WO-100024,48,47,-2.083,True,False,18
S9,2026-05-09,C,2026-05-09-C,WO-100024,65,64,-1.538,True,False,42
S9,2026-05-10,A,2026-05-10-A,WO-100024,52,51,-1.923,True,False,37
S9,2026-05-10,B,2026-05-10-B,WO-100024,49,48,-2.041,True,False,41
S9,2026-05-10,C,2026-05-10-C,WO-100024,63,64,1.587,True,False,5
S9,2026-05-11,A,2026-05-11-A,WO-100024,56,56,0.0,True,False,3
S9,2026-05-11,B,2026-05-11-B,WO-100024,62,62,0.0,True,False,35
S9,2026-05-11,C,2026-05-11-C,WO-100024,79,80,1.266,True,False,39
S9,2026-05-12,A,2026-05-12-A,WO-100024,56,56,0.0,True,False,11
S9,2026-05-12,B,2026-05-12-B,WO-100024,74,74,0.0,True,False,21
S9,2026-05-12,C,2026-05-12-C,WO-100024,58,57,-1.724,True,False,26
S9,2026-05-13,A,2026-05-13-A,WO-100025,76,75,-1.316,True,False,32
S9,2026-05-13,B,2026-05-13-B,WO-100025,50,49,-2.0,True,False,34
S9,2026-05-13,C,2026-05-13-C,WO-100025,62,61,-1.613,True,False,42
S9,2026-05-14,A,2026-05-14-A,WO-100025,48,48,0.0,True,False,38
S9,2026-05-14,B,2026-05-14-B,WO-100025,49,50,2.041,True,False,11
S9,2026-05-14,C,2026-05-14-C,WO-100025,63,62,-1.587,True,False,45
S9,2026-05-15,A,2026-05-15-A,WO-100025,71,72,1.408,True,False,2
S9,2026-05-15,B,2026-05-15-B,WO-100025,61,61,0.0,True,False,9
S9,2026-05-15,C,2026-05-15-C,WO-100025,61,62,1.639,True,False,35
S9,2026-05-16,A,2026-05-16-A,WO-100025,71,70,-1.408,True,False,38
S9,2026-05-16,B,2026-05-16-B,WO-100025,65,66,1.538,True,False,44
S9,2026-05-16,C,2026-05-16-C,WO-100025,73,74,1.37,True,False,41
S9,2026-05-17,A,2026-05-17-A,WO-100025,55,56,1.818,True,False,21
S9,2026-05-17,B,2026-05-17-B,WO-100025,70,69,-1.429,True,False,31
S9,2026-05-17,C,2026-05-17-C,WO-100025,60,59,-1.667,True,False,19
S9,2026-05-18,A,2026-05-18-A,WO-100025,66,67,1.515,True,False,33
S9,2026-05-18,B,2026-05-18-B,WO-100025,49,48,-2.041,True,False,19
S9,2026-05-18,C,2026-05-18-C,WO-100025,59,58,-1.695,True,False,33
S9,2026-05-19,A,2026-05-19-A,WO-100025,49,50,2.041,True,False,30
S9,2026-05-19,B,2026-05-19-B,WO-100025,69,68,-1.449,True,False,33
S9,2026-05-19,C,2026-05-19-C,WO-100025,57,65,14.035,True,True,16
S9,2026-05-20,A,2026-05-20-A,WO-100026,58,58,0.0,True,False,38
S9,2026-05-20,B,2026-05-20-B,WO-100026,60,61,1.667,True,False,5
S9,2026-05-20,C,2026-05-20-C,WO-100026,56,57,1.786,True,False,33
S9,2026-05-21,A,2026-05-21-A,WO-100026,70,70,0.0,True,False,1
S9,2026-05-21,B,2026-05-21-B,WO-100026,45,44,-2.222,True,False,31
S9,2026-05-21,C,2026-05-21-C,WO-100026,63,63,0.0,True,False,22
S9,2026-05-22,A,2026-05-22-A,WO-100026,47,47,0.0,True,False,35
S9,2026-05-22,B,2026-05-22-B,WO-100026,49,50,2.041,True,False,9
S9,2026-05-22,C,2026-05-22-C,WO-100026,55,54,-1.818,True,False,29
S9,2026-05-23,A,2026-05-23-A,WO-100026,66,66,0.0,True,False,42
S9,2026-05-23,B,2026-05-23-B,WO-100026,50,50,0.0,True,False,3
S9,2026-05-23,C,2026-05-23-C,WO-100026,38,38,0.0,True,False,26
S9,2026-05-24,A,2026-05-24-A,WO-100026,65,66,1.538,True,False,44
S9,2026-05-24,B,2026-05-24-B,WO-100026,50,49,-2.0,True,False,43
S9,2026-05-24,C,2026-05-24-C,WO-100026,57,57,0.0,True,False,3
S9,2026-05-25,A,2026-05-25-A,WO-100026,65,66,1.538,True,False,16
S9,2026-05-25,B,2026-05-25-B,WO-100026,58,59,1.724,True,False,6
S9,2026-05-25,C,2026-05-25-C,WO-100026,58,58,0.0,True,False,0
S9,2026-05-26,A,2026-05-26-A,WO-100026,47,47,0.0,True,False,15
S9,2026-05-26,B,2026-05-26-B,WO-100026,60,60,0.0,True,False,33
S9,2026-05-26,C,2026-05-26-C,WO-100026,59,59,0.0,True,False,23
S9,2026-05-27,A,2026-05-27-A,WO-100027,62,63,1.613,True,False,15
S9,2026-05-27,B,2026-05-27-B,WO-100027,69,68,-1.449,True,False,40
S9,2026-05-27,C,2026-05-27-C,WO-100027,60,59,-1.667,True,False,21
S9,2026-05-28,A,2026-05-28-A,WO-100027,64,64,0.0,True,False,37
S9,2026-05-28,B,2026-05-28-B,WO-100027,58,58,0.0,True,False,7
S9,2026-05-28,C,2026-05-28-C,WO-100027,66,67,1.515,True,False,19
S9,2026-05-29,A,2026-05-29-A,WO-100027,53,52,-1.887,True,False,39
S9,2026-05-29,B,2026-05-29-B,WO-100027,56,57,1.786,True,False,12
S9,2026-05-29,C,2026-05-29-C,WO-100027,62,62,0.0,True,False,12
S9,2026-05-30,A,2026-05-30-A,WO-100027,54,54,0.0,True,False,44
S9,2026-05-30,B,2026-05-30-B,WO-100027,83,84,1.205,True,False,23
S9,2026-05-30,C,2026-05-30-C,WO-100027,20,20,0.0,True,False,0
