shift_id,work_center,shift_code,shift_start_ts,shift_end_ts,wo_no,units_started,units_completed,downtime_min,operator_badge
2026-03-31-C,WC-01,C,2026-03-31 22:00:00,2026-04-01 06:00:00,,41,41,39,OP-1026
2026-03-31-C,WC-02,C,2026-03-31 22:00:00,2026-04-01 06:00:00,,27,25,4,OP-1013
2026-03-31-C,WC-03,C,2026-03-31 22:00:00,2026-04-01 06:00:00,,51,48,22,OP-1019
2026-03-31-C,WC-04,C,2026-03-31 22:00:00,2026-04-01 06:00:00,,52,51,23,OP-1015
2026-03-31-C,WC-05,C,2026-03-31 22:00:00,2026-04-01 06:00:00,,53,51,41,OP-1006
2026-03-31-C,WC-06,C,2026-03-31 22:00:00,2026-04-01 06:00:00,,44,43,21,OP-1030
2026-03-31-C,WC-07,C,2026-03-31 22:00:00,2026-04-01 06:00:00,,53,53,44,OP-1027
2026-03-31-C,WC-08,C,2026-03-31 22:00:00,2026-04-01 06:00:00,,35,35,19,OP-1008
2026-03-31-C,WC-09,C,2026-03-31 22:00:00,2026-04-01 06:00:00,,46,47,35,OP-1019
2026-04-01-A,WC-01,A,2026-04-01 06:00:00,2026-04-01 14:00:00,100001,50,49,32,OP-1007
2026-04-01-A,WC-02,A,2026-04-01 06:00:00,2026-04-01 14:00:00,100001,47,46,22,OP-1037
2026-04-01-A,WC-03,A,2026-04-01 06:00:00,2026-04-01 14:00:00,100001,55,53,18,OP-1017
2026-04-01-A,WC-04,A,2026-04-01 06:00:00,2026-04-01 14:00:00,100010,68,68,28,OP-1028
2026-04-01-A,WC-05,A,2026-04-01 06:00:00,2026-04-01 14:00:00,100010,60,59,32,OP-1004
2026-04-01-A,WC-06,A,2026-04-01 06:00:00,2026-04-01 14:00:00,100010,57,54,3,OP-1004
2026-04-01-A,WC-07,A,2026-04-01 06:00:00,2026-04-01 14:00:00,100019,71,70,8,OP-1017
2026-04-01-A,WC-08,A,2026-04-01 06:00:00,2026-04-01 14:00:00,100019,59,60,33,OP-1002
2026-04-01-A,WC-09,A,2026-04-01 06:00:00,2026-04-01 14:00:00,100019,70,67,32,OP-1000
2026-04-01-B,WC-01,B,2026-04-01 14:00:00,2026-04-01 22:00:00,100001,51,49,1,OP-1006
2026-04-01-B,WC-02,B,2026-04-01 14:00:00,2026-04-01 22:00:00,100001,65,62,37,OP-1016
2026-04-01-B,WC-03,B,2026-04-01 14:00:00,2026-04-01 22:00:00,100001,68,66,39,OP-1023
2026-04-01-B,WC-04,B,2026-04-01 14:00:00,2026-04-01 22:00:00,100010,62,62,34,OP-1038
2026-04-01-B,WC-05,B,2026-04-01 14:00:00,2026-04-01 22:00:00,100010,59,59,41,OP-1037
2026-04-01-B,WC-06,B,2026-04-01 14:00:00,2026-04-01 22:00:00,100010,58,57,0,OP-1026
2026-04-01-B,WC-07,B,2026-04-01 14:00:00,2026-04-01 22:00:00,100019,62,62,37,OP-1002
2026-04-01-B,WC-08,B,2026-04-01 14:00:00,2026-04-01 22:00:00,100019,64,64,25,OP-1024
2026-04-01-B,WC-09,B,2026-04-01 14:00:00,2026-04-01 22:00:00,100019,75,76,39,OP-1031
2026-04-01-C,WC-01,C,2026-04-01 22:00:00,2026-04-02 06:00:00,100001,72,71,43,OP-1009
2026-04-01-C,WC-02,C,2026-04-01 22:00:00,2026-04-02 06:00:00,100001,62,60,6,OP-1009
2026-04-01-C,WC-03,C,2026-04-01 22:00:00,2026-04-02 06:00:00,100001,66,65,43,OP-1001
2026-04-01-C,WC-04,C,2026-04-01 22:00:00,2026-04-02 06:00:00,100010,70,71,11,OP-1015
2026-04-01-C,WC-05,C,2026-04-01 22:00:00,2026-04-02 06:00:00,100010,62,62,23,OP-1034
2026-04-01-C,WC-06,C,2026-04-01 22:00:00,2026-04-02 06:00:00,100010,65,65,28,OP-1015
2026-04-01-C,WC-07,C,2026-04-01 22:00:00,2026-04-02 06:00:00,100019,55,56,44,OP-1032
2026-04-01-C,WC-08,C,2026-04-01 22:00:00,2026-04-02 06:00:00,100019,66,65,19,OP-1010
2026-04-01-C,WC-09,C,2026-04-01 22:00:00,2026-04-02 06:00:00,100019,61,59,41,OP-1020
2026-04-02-A,WC-01,A,2026-04-02 06:00:00,2026-04-02 14:00:00,100001,69,67,43,OP-1036
2026-04-02-A,WC-02,A,2026-04-02 06:00:00,2026-04-02 14:00:00,100001,60,58,23,OP-1006
2026-04-02-A,WC-03,A,2026-04-02 06:00:00,2026-04-02 14:00:00,100001,70,69,44,OP-1032
2026-04-02-A,WC-04,A,2026-04-02 06:00:00,2026-04-02 14:00:00,100010,66,65,28,OP-1026
2026-04-02-A,WC-05,A,2026-04-02 06:00:00,2026-04-02 14:00:00,100010,59,57,1,OP-1026
2026-04-02-A,WC-06,A,2026-04-02 06:00:00,2026-04-02 14:00:00,100010,69,69,36,OP-1009
2026-04-02-A,WC-07,A,2026-04-02 06:00:00,2026-04-02 14:00:00,100019,64,64,9,OP-1014
2026-04-02-A,WC-08,A,2026-04-02 06:00:00,2026-04-02 14:00:00,100019,64,63,38,OP-1007
2026-04-02-A,WC-09,A,2026-04-02 06:00:00,2026-04-02 14:00:00,100019,70,69,41,OP-1017
2026-04-02-B,WC-01,B,2026-04-02 14:00:00,2026-04-02 22:00:00,100001,54,54,24,OP-1030
2026-04-02-B,WC-02,B,2026-04-02 14:00:00,2026-04-02 22:00:00,100001,60,59,16,OP-1039
2026-04-02-B,WC-03,B,2026-04-02 14:00:00,2026-04-02 22:00:00,100001,67,66,30,OP-1015
2026-04-02-B,WC-04,B,2026-04-02 14:00:00,2026-04-02 22:00:00,100010,65,63,33,OP-1028
2026-04-02-B,WC-05,B,2026-04-02 14:00:00,2026-04-02 22:00:00,100010,65,65,23,OP-1029
2026-04-02-B,WC-06,B,2026-04-02 14:00:00,2026-04-02 22:00:00,100010,71,71,37,OP-1028
2026-04-02-B,WC-07,B,2026-04-02 14:00:00,2026-04-02 22:00:00,100019,63,64,32,OP-1027
2026-04-02-B,WC-08,B,2026-04-02 14:00:00,2026-04-02 22:00:00,100019,80,79,37,OP-1000
2026-04-02-B,WC-09,B,2026-04-02 14:00:00,2026-04-02 22:00:00,100019,69,68,10,OP-1039
2026-04-02-C,WC-01,C,2026-04-02 22:00:00,2026-04-03 06:00:00,100001,63,61,30,OP-1020
2026-04-02-C,WC-02,C,2026-04-02 22:00:00,2026-04-03 06:00:00,100001,58,58,42,OP-1025
2026-04-02-C,WC-03,C,2026-04-02 22:00:00,2026-04-03 06:00:00,100001,71,70,15,OP-1025
2026-04-02-C,WC-04,C,2026-04-02 22:00:00,2026-04-03 06:00:00,100010,60,59,22,OP-1038
2026-04-02-C,WC-05,C,2026-04-02 22:00:00,2026-04-03 06:00:00,100010,61,59,15,OP-1025
2026-04-02-C,WC-06,C,2026-04-02 22:00:00,2026-04-03 06:00:00,100010,64,62,9,OP-1003
2026-04-02-C,WC-07,C,2026-04-02 22:00:00,2026-04-03 06:00:00,100019,59,59,24,OP-1028
2026-04-02-C,WC-08,C,2026-04-02 22:00:00,2026-04-03 06:00:00,100019,59,58,43,OP-1007
2026-04-02-C,WC-09,C,2026-04-02 22:00:00,2026-04-03 06:00:00,100019,84,83,30,OP-1036
2026-04-03-A,WC-01,A,2026-04-03 06:00:00,2026-04-03 14:00:00,100001,59,59,37,OP-1037
2026-04-03-A,WC-02,A,2026-04-03 06:00:00,2026-04-03 14:00:00,100001,65,64,1,OP-1012
2026-04-03-A,WC-03,A,2026-04-03 06:00:00,2026-04-03 14:00:00,100001,63,63,11,OP-1021
2026-04-03-A,WC-04,A,2026-04-03 06:00:00,2026-04-03 14:00:00,100010,56,54,25,OP-1035
2026-04-03-A,WC-05,A,2026-04-03 06:00:00,2026-04-03 14:00:00,100010,59,60,38,OP-1004
2026-04-03-A,WC-06,A,2026-04-03 06:00:00,2026-04-03 14:00:00,100010,49,50,44,OP-1014
2026-04-03-A,WC-07,A,2026-04-03 06:00:00,2026-04-03 14:00:00,100019,55,52,21,OP-1023
2026-04-03-A,WC-08,A,2026-04-03 06:00:00,2026-04-03 14:00:00,100019,62,60,14,OP-1025
2026-04-03-A,WC-09,A,2026-04-03 06:00:00,2026-04-03 14:00:00,100019,52,51,0,OP-1033
2026-04-03-B,WC-01,B,2026-04-03 14:00:00,2026-04-03 22:00:00,100001,65,65,2,OP-1028
2026-04-03-B,WC-02,B,2026-04-03 14:00:00,2026-04-03 22:00:00,100001,86,84,6,OP-1035
2026-04-03-B,WC-03,B,2026-04-03 14:00:00,2026-04-03 22:00:00,100001,52,53,30,OP-1026
2026-04-03-B,WC-04,B,2026-04-03 14:00:00,2026-04-03 22:00:00,100010,57,56,27,OP-1032
2026-04-03-B,WC-05,B,2026-04-03 14:00:00,2026-04-03 22:00:00,100010,76,75,8,OP-1023
2026-04-03-B,WC-06,B,2026-04-03 14:00:00,2026-04-03 22:00:00,100010,56,53,20,OP-1006
2026-04-03-B,WC-07,B,2026-04-03 14:00:00,2026-04-03 22:00:00,100019,56,56,27,OP-1014
2026-04-03-B,WC-08,B,2026-04-03 14:00:00,2026-04-03 22:00:00,100019,79,77,10,OP-1030
2026-04-03-B,WC-09,B,2026-04-03 14:00:00,2026-04-03 22:00:00,100019,47,47,26,OP-1008
2026-04-03-C,WC-01,C,2026-04-03 22:00:00,2026-04-04 06:00:00,100001,65,62,12,OP-1036
2026-04-03-C,WC-02,C,2026-04-03 22:00:00,2026-04-04 06:00:00,100001,56,56,45,OP-1012
2026-04-03-C,WC-03,C,2026-04-03 22:00:00,2026-04-04 06:00:00,100001,67,68,39,OP-1000
2026-04-03-C,WC-04,C,2026-04-03 22:00:00,2026-04-04 06:00:00,100010,71,69,30,OP-1017
2026-04-03-C,WC-05,C,2026-04-03 22:00:00,2026-04-04 06:00:00,100010,49,46,33,OP-1013
2026-04-03-C,WC-06,C,2026-04-03 22:00:00,2026-04-04 06:00:00,100010,50,50,35,OP-1025
2026-04-03-C,WC-07,C,2026-04-03 22:00:00,2026-04-04 06:00:00,100019,55,52,5,OP-1034
2026-04-03-C,WC-08,C,2026-04-03 22:00:00,2026-04-04 06:00:00,100019,52,51,3,OP-1036
2026-04-03-C,WC-09,C,2026-04-03 22:00:00,2026-04-04 06:00:00,100019,62,61,31,OP-1029
2026-04-04-A,WC-01,A,2026-04-04 06:00:00,2026-04-04 14:00:00,100001,61,61,14,OP-1014
2026-04-04-A,WC-02,A,2026-04-04 06:00:00,2026-04-04 14:00:00,100001,56,56,21,OP-1015
2026-04-04-A,WC-03,A,2026-04-04 06:00:00,2026-04-04 14:00:00,100001,59,58,3,OP-1005
2026-04-04-A,WC-04,A,2026-04-04 06:00:00,2026-04-04 14:00:00,100010,75,74,11,OP-1016
2026-04-04-A,WC-05,A,2026-04-04 06:00:00,2026-04-04 14:00:00,100010,68,65,2,OP-1007
2026-04-04-A,WC-06,A,2026-04-04 06:00:00,2026-04-04 14:00:00,100010,67,66,19,OP-1017
2026-04-04-A,WC-07,A,2026-04-04 06:00:00,2026-04-04 14:00:00,100019,53,51,2,OP-1009
2026-04-04-A,WC-08,A,2026-04-04 06:00:00,2026-04-04 14:00:00,100019,60,59,44,OP-1038
2026-04-04-A,WC-09,A,2026-04-04 06:00:00,2026-04-04 14:00:00,100019,62,60,23,OP-1000
2026-04-04-B,WC-01,B,2026-04-04 14:00:00,2026-04-04 22:00:00,100001,61,59,43,OP-1036
2026-04-04-B,WC-02,B,2026-04-04 14:00:00,2026-04-04 22:00:00,100001,49,48,13,OP-1036
2026-04-04-B,WC-03,B,2026-04-04 14:00:00,2026-04-04 22:00:00,100001,72,70,7,OP-1032
2026-04-04-B,WC-04,B,2026-04-04 14:00:00,2026-04-04 22:00:00,100010,64,63,25,OP-1018
2026-04-04-B,WC-05,B,2026-04-04 14:00:00,2026-04-04 22:00:00,100010,54,54,7,OP-1017
2026-04-04-B,WC-06,B,2026-04-04 14:00:00,2026-04-04 22:00:00,100010,59,57,4,OP-1030
2026-04-04-B,WC-07,B,2026-04-04 14:00:00,2026-04-04 22:00:00,100019,49,48,17,OP-1019
2026-04-04-B,WC-08,B,2026-04-04 14:00:00,2026-04-04 22:00:00,100019,56,55,12,OP-1005
2026-04-04-B,WC-09,B,2026-04-04 14:00:00,2026-04-04 22:00:00,100019,83,84,25,OP-1002
2026-04-04-C,WC-01,C,2026-04-04 22:00:00,2026-04-05 06:00:00,100001,62,61,5,OP-1013
2026-04-04-C,WC-02,C,2026-04-04 22:00:00,2026-04-05 06:00:00,100001,60,60,29,OP-1011
2026-04-04-C,WC-03,C,2026-04-04 22:00:00,2026-04-05 06:00:00,100001,49,48,34,OP-1037
2026-04-04-C,WC-04,C,2026-04-04 22:00:00,2026-04-05 06:00:00,100010,65,62,44,OP-1003
2026-04-04-C,WC-05,C,2026-04-04 22:00:00,2026-04-05 06:00:00,100010,55,52,20,OP-1027
2026-04-04-C,WC-06,C,2026-04-04 22:00:00,2026-04-05 06:00:00,100010,67,66,23,OP-1026
2026-04-04-C,WC-07,C,2026-04-04 22:00:00,2026-04-05 06:00:00,100019,69,68,42,OP-1003
2026-04-04-C,WC-08,C,2026-04-04 22:00:00,2026-04-05 06:00:00,100019,51,49,18,OP-1012
2026-04-04-C,WC-09,C,2026-04-04 22:00:00,2026-04-05 06:00:00,100019,51,50,6,OP-1039
2026-04-05-A,WC-01,A,2026-04-05 06:00:00,2026-04-05 14:00:00,100001,52,51,13,OP-1027
2026-04-05-A,WC-02,A,2026-04-05 06:00:00,2026-04-05 14:00:00,100001,59,58,38,OP-1013
2026-04-05-A,WC-03,A,2026-04-05 06:00:00,2026-04-05 14:00:00,100001,55,55,24,OP-1031
2026-04-05-A,WC-04,A,2026-04-05 06:00:00,2026-04-05 14:00:00,100010,78,75,12,OP-1002
2026-04-05-A,WC-05,A,2026-04-05 06:00:00,2026-04-05 14:00:00,100010,66,65,33,OP-1012
2026-04-05-A,WC-06,A,2026-04-05 06:00:00,2026-04-05 14:00:00,100010,65,63,19,OP-1026
2026-04-05-A,WC-07,A,2026-04-05 06:00:00,2026-04-05 14:00:00,100019,64,62,37,OP-1020
2026-04-05-A,WC-08,A,2026-04-05 06:00:00,2026-04-05 14:00:00,100019,58,56,9,OP-1010
2026-04-05-A,WC-09,A,2026-04-05 06:00:00,2026-04-05 14:00:00,100019,52,51,5,OP-1005
2026-04-05-B,WC-01,B,2026-04-05 14:00:00,2026-04-05 22:00:00,100001,61,59,23,OP-1015
2026-04-05-B,WC-02,B,2026-04-05 14:00:00,2026-04-05 22:00:00,100001,41,39,18,OP-1009
2026-04-05-B,WC-03,B,2026-04-05 14:00:00,2026-04-05 22:00:00,100001,59,59,14,OP-1004
2026-04-05-B,WC-04,B,2026-04-05 14:00:00,2026-04-05 22:00:00,100010,66,65,15,OP-1018
2026-04-05-B,WC-05,B,2026-04-05 14:00:00,2026-04-05 22:00:00,100010,68,67,15,OP-1020
2026-04-05-B,WC-06,B,2026-04-05 14:00:00,2026-04-05 22:00:00,100010,72,72,24,OP-1035
2026-04-05-B,WC-07,B,2026-04-05 14:00:00,2026-04-05 22:00:00,100019,56,55,33,OP-1039
2026-04-05-B,WC-08,B,2026-04-05 14:00:00,2026-04-05 22:00:00,100019,62,61,13,OP-1004
2026-04-05-B,WC-09,B,2026-04-05 14:00:00,2026-04-05 22:00:00,100019,60,59,29,OP-1039
2026-04-05-C,WC-01,C,2026-04-05 22:00:00,2026-04-06 06:00:00,100001,65,64,13,OP-1014
2026-04-05-C,WC-02,C,2026-04-05 22:00:00,2026-04-06 06:00:00,100001,53,52,43,OP-1013
2026-04-05-C,WC-03,C,2026-04-05 22:00:00,2026-04-06 06:00:00,100001,53,50,5,OP-1014
2026-04-05-C,WC-04,C,2026-04-05 22:00:00,2026-04-06 06:00:00,100010,67,65,36,OP-1006
2026-04-05-C,WC-05,C,2026-04-05 22:00:00,2026-04-06 06:00:00,100010,65,64,18,OP-1036
2026-04-05-C,WC-06,C,2026-04-05 22:00:00,2026-04-06 06:00:00,100010,74,71,8,OP-1008
2026-04-05-C,WC-07,C,2026-04-05 22:00:00,2026-04-06 06:00:00,100019,83,81,45,OP-1011
2026-04-05-C,WC-08,C,2026-04-05 22:00:00,2026-04-06 06:00:00,100019,77,76,23,OP-1036
2026-04-05-C,WC-09,C,2026-04-05 22:00:00,2026-04-06 06:00:00,100019,61,62,4,OP-1016
2026-04-06-A,WC-01,A,2026-04-06 06:00:00,2026-04-06 14:00:00,100001,53,54,43,OP-1023
2026-04-06-A,WC-02,A,2026-04-06 06:00:00,2026-04-06 14:00:00,100001,46,47,25,OP-1024
2026-04-06-A,WC-03,A,2026-04-06 06:00:00,2026-04-06 14:00:00,100001,55,52,4,OP-1037
2026-04-06-A,WC-04,A,2026-04-06 06:00:00,2026-04-06 14:00:00,100010,61,59,6,OP-1030
2026-04-06-A,WC-05,A,2026-04-06 06:00:00,2026-04-06 14:00:00,100010,66,64,37,OP-1000
2026-04-06-A,WC-06,A,2026-04-06 06:00:00,2026-04-06 14:00:00,100010,60,58,17,OP-1029
2026-04-06-A,WC-07,A,2026-04-06 06:00:00,2026-04-06 14:00:00,100019,56,55,22,OP-1005
2026-04-06-A,WC-08,A,2026-04-06 06:00:00,2026-04-06 14:00:00,100019,63,62,27,OP-1032
2026-04-06-A,WC-09,A,2026-04-06 06:00:00,2026-04-06 14:00:00,100019,64,63,41,OP-1025
2026-04-06-B,WC-01,B,2026-04-06 14:00:00,2026-04-06 22:00:00,100001,53,52,26,OP-1007
2026-04-06-B,WC-02,B,2026-04-06 14:00:00,2026-04-06 22:00:00,100001,56,54,0,OP-1018
2026-04-06-B,WC-03,B,2026-04-06 14:00:00,2026-04-06 22:00:00,100001,54,54,2,OP-1002
2026-04-06-B,WC-04,B,2026-04-06 14:00:00,2026-04-06 22:00:00,100010,61,60,7,OP-1014
2026-04-06-B,WC-05,B,2026-04-06 14:00:00,2026-04-06 22:00:00,100010,56,54,33,OP-1029
2026-04-06-B,WC-06,B,2026-04-06 14:00:00,2026-04-06 22:00:00,100010,72,71,35,OP-1004
2026-04-06-B,WC-07,B,2026-04-06 14:00:00,2026-04-06 22:00:00,100019,61,62,20,OP-1033
2026-04-06-B,WC-08,B,2026-04-06 14:00:00,2026-04-06 22:00:00,100019,71,70,43,OP-1002
2026-04-06-B,WC-09,B,2026-04-06 14:00:00,2026-04-06 22:00:00,100019,61,62,27,OP-1023
2026-04-06-C,WC-01,C,2026-04-06 22:00:00,2026-04-07 06:00:00,100001,64,62,25,OP-1028
2026-04-06-C,WC-02,C,2026-04-06 22:00:00,2026-04-07 06:00:00,100001,55,53,9,OP-1003
2026-04-06-C,WC-03,C,2026-04-06 22:00:00,2026-04-07 06:00:00,100001,67,68,20,OP-1001
2026-04-06-C,WC-04,C,2026-04-06 22:00:00,2026-04-07 06:00:00,100010,60,58,10,OP-1011
2026-04-06-C,WC-05,C,2026-04-06 22:00:00,2026-04-07 06:00:00,100010,63,61,14,OP-1018
2026-04-06-C,WC-06,C,2026-04-06 22:00:00,2026-04-07 06:00:00,100010,50,49,28,OP-1022
2026-04-06-C,WC-07,C,2026-04-06 22:00:00,2026-04-07 06:00:00,100019,70,70,32,OP-1028
2026-04-06-C,WC-08,C,2026-04-06 22:00:00,2026-04-07 06:00:00,100019,68,66,42,OP-1028
2026-04-06-C,WC-09,C,2026-04-06 22:00:00,2026-04-07 06:00:00,100019,50,50,27,OP-1034
2026-04-07-A,WC-01,A,2026-04-07 06:00:00,2026-04-07 14:00:00,100001,49,50,23,OP-1016
2026-04-07-A,WC-02,A,2026-04-07 06:00:00,2026-04-07 14:00:00,100001,54,54,0,OP-1008
2026-04-07-A,WC-03,A,2026-04-07 06:00:00,2026-04-07 14:00:00,100001,64,63,35,OP-1006
2026-04-07-A,WC-04,A,2026-04-07 06:00:00,2026-04-07 14:00:00,100010,58,57,35,OP-1024
2026-04-07-A,WC-05,A,2026-04-07 06:00:00,2026-04-07 14:00:00,100010,54,53,33,OP-1008
2026-04-07-A,WC-06,A,2026-04-07 06:00:00,2026-04-07 14:00:00,100010,61,61,0,OP-1030
2026-04-07-A,WC-07,A,2026-04-07 06:00:00,2026-04-07 14:00:00,100019,59,60,30,OP-1037
2026-04-07-A,WC-08,A,2026-04-07 06:00:00,2026-04-07 14:00:00,100019,74,75,34,OP-1015
2026-04-07-A,WC-09,A,2026-04-07 06:00:00,2026-04-07 14:00:00,100019,58,58,29,OP-1023
2026-04-07-B,WC-01,B,2026-04-07 14:00:00,2026-04-07 22:00:00,100001,48,47,20,OP-1020
2026-04-07-B,WC-02,B,2026-04-07 14:00:00,2026-04-07 22:00:00,100001,41,40,4,OP-1031
2026-04-07-B,WC-03,B,2026-04-07 14:00:00,2026-04-07 22:00:00,100001,61,60,5,OP-1004
2026-04-07-B,WC-04,B,2026-04-07 14:00:00,2026-04-07 22:00:00,100010,54,54,17,OP-1022
2026-04-07-B,WC-05,B,2026-04-07 14:00:00,2026-04-07 22:00:00,100010,47,46,7,OP-1037
2026-04-07-B,WC-06,B,2026-04-07 14:00:00,2026-04-07 22:00:00,100010,50,49,2,OP-1036
2026-04-07-B,WC-07,B,2026-04-07 14:00:00,2026-04-07 22:00:00,100019,78,77,21,OP-1028
2026-04-07-B,WC-08,B,2026-04-07 14:00:00,2026-04-07 22:00:00,100019,63,61,44,OP-1013
2026-04-07-B,WC-09,B,2026-04-07 14:00:00,2026-04-07 22:00:00,100019,61,61,31,OP-1022
2026-04-07-C,WC-01,C,2026-04-07 22:00:00,2026-04-08 06:00:00,100001,46,47,13,OP-1014
2026-04-07-C,WC-02,C,2026-04-07 22:00:00,2026-04-08 06:00:00,100001,54,55,10,OP-1026
2026-04-07-C,WC-03,C,2026-04-07 22:00:00,2026-04-08 06:00:00,100001,73,71,5,OP-1002
2026-04-07-C,WC-04,C,2026-04-07 22:00:00,2026-04-08 06:00:00,100010,63,62,8,OP-1006
2026-04-07-C,WC-05,C,2026-04-07 22:00:00,2026-04-08 06:00:00,100010,58,56,22,OP-1034
2026-04-07-C,WC-06,C,2026-04-07 22:00:00,2026-04-08 06:00:00,100010,59,59,34,OP-1008
2026-04-07-C,WC-07,C,2026-04-07 22:00:00,2026-04-08 06:00:00,100019,75,74,40,OP-1011
2026-04-07-C,WC-08,C,2026-04-07 22:00:00,2026-04-08 06:00:00,100019,63,63,41,OP-1024
2026-04-07-C,WC-09,C,2026-04-07 22:00:00,2026-04-08 06:00:00,100019,60,58,1,OP-1004
2026-04-08-A,WC-01,A,2026-04-08 06:00:00,2026-04-08 14:00:00,100002,55,53,45,OP-1022
2026-04-08-A,WC-02,A,2026-04-08 06:00:00,2026-04-08 14:00:00,100002,81,82,37,OP-1034
2026-04-08-A,WC-03,A,2026-04-08 06:00:00,2026-04-08 14:00:00,100002,67,67,6,OP-1003
2026-04-08-A,WC-04,A,2026-04-08 06:00:00,2026-04-08 14:00:00,100011,80,79,26,OP-1024
2026-04-08-A,WC-05,A,2026-04-08 06:00:00,2026-04-08 14:00:00,100011,65,64,45,OP-1031
2026-04-08-A,WC-06,A,2026-04-08 06:00:00,2026-04-08 14:00:00,100011,54,53,33,OP-1021
2026-04-08-A,WC-07,A,2026-04-08 06:00:00,2026-04-08 14:00:00,100020,66,63,14,OP-1017
2026-04-08-A,WC-08,A,2026-04-08 06:00:00,2026-04-08 14:00:00,100020,58,57,45,OP-1002
2026-04-08-A,WC-09,A,2026-04-08 06:00:00,2026-04-08 14:00:00,100020,68,66,39,OP-1023
2026-04-08-B,WC-01,B,2026-04-08 14:00:00,2026-04-08 22:00:00,100002,55,55,21,OP-1027
2026-04-08-B,WC-02,B,2026-04-08 14:00:00,2026-04-08 22:00:00,100002,74,71,14,OP-1021
2026-04-08-B,WC-03,B,2026-04-08 14:00:00,2026-04-08 22:00:00,100002,60,58,24,OP-1025
2026-04-08-B,WC-04,B,2026-04-08 14:00:00,2026-04-08 22:00:00,100011,69,67,28,OP-1025
2026-04-08-B,WC-05,B,2026-04-08 14:00:00,2026-04-08 22:00:00,100011,67,66,36,OP-1018
2026-04-08-B,WC-06,B,2026-04-08 14:00:00,2026-04-08 22:00:00,100011,52,52,26,OP-1004
2026-04-08-B,WC-07,B,2026-04-08 14:00:00,2026-04-08 22:00:00,100020,74,74,45,OP-1032
2026-04-08-B,WC-08,B,2026-04-08 14:00:00,2026-04-08 22:00:00,100020,76,75,41,OP-1001
2026-04-08-B,WC-09,B,2026-04-08 14:00:00,2026-04-08 22:00:00,100020,68,65,10,OP-1039
2026-04-08-C,WC-01,C,2026-04-08 22:00:00,2026-04-09 06:00:00,100002,66,65,42,OP-1009
2026-04-08-C,WC-02,C,2026-04-08 22:00:00,2026-04-09 06:00:00,100002,52,51,20,OP-1026
2026-04-08-C,WC-03,C,2026-04-08 22:00:00,2026-04-09 06:00:00,100002,78,77,28,OP-1033
2026-04-08-C,WC-04,C,2026-04-08 22:00:00,2026-04-09 06:00:00,100011,64,61,14,OP-1021
2026-04-08-C,WC-05,C,2026-04-08 22:00:00,2026-04-09 06:00:00,100011,74,74,27,OP-1017
2026-04-08-C,WC-06,C,2026-04-08 22:00:00,2026-04-09 06:00:00,100011,54,52,39,OP-1023
2026-04-08-C,WC-07,C,2026-04-08 22:00:00,2026-04-09 06:00:00,100020,55,53,9,OP-1029
2026-04-08-C,WC-08,C,2026-04-08 22:00:00,2026-04-09 06:00:00,100020,58,58,14,OP-1000
2026-04-08-C,WC-09,C,2026-04-08 22:00:00,2026-04-09 06:00:00,100020,71,69,34,OP-1017
2026-04-09-A,WC-01,A,2026-04-09 06:00:00,2026-04-09 14:00:00,100002,59,57,4,OP-1000
2026-04-09-A,WC-02,A,2026-04-09 06:00:00,2026-04-09 14:00:00,100002,52,50,4,OP-1033
2026-04-09-A,WC-03,A,2026-04-09 06:00:00,2026-04-09 14:00:00,100002,59,58,33,OP-1037
2026-04-09-A,WC-04,A,2026-04-09 06:00:00,2026-04-09 14:00:00,100011,67,67,20,OP-1020
2026-04-09-A,WC-05,A,2026-04-09 06:00:00,2026-04-09 14:00:00,100011,69,70,20,OP-1030
2026-04-09-A,WC-06,A,2026-04-09 06:00:00,2026-04-09 14:00:00,100011,44,41,32,OP-1001
2026-04-09-A,WC-07,A,2026-04-09 06:00:00,2026-04-09 14:00:00,100020,60,59,1,OP-1025
2026-04-09-A,WC-08,A,2026-04-09 06:00:00,2026-04-09 14:00:00,100020,61,60,13,OP-1020
2026-04-09-A,WC-09,A,2026-04-09 06:00:00,2026-04-09 14:00:00,100020,53,54,13,OP-1001
2026-04-09-B,WC-01,B,2026-04-09 14:00:00,2026-04-09 22:00:00,100002,66,67,4,OP-1005
2026-04-09-B,WC-02,B,2026-04-09 14:00:00,2026-04-09 22:00:00,100002,49,49,32,OP-1009
2026-04-09-B,WC-03,B,2026-04-09 14:00:00,2026-04-09 22:00:00,100002,56,56,27,OP-1009
2026-04-09-B,WC-04,B,2026-04-09 14:00:00,2026-04-09 22:00:00,100011,70,70,14,OP-1003
2026-04-09-B,WC-05,B,2026-04-09 14:00:00,2026-04-09 22:00:00,100011,65,66,16,OP-1003
2026-04-09-B,WC-06,B,2026-04-09 14:00:00,2026-04-09 22:00:00,100011,61,58,16,OP-1037
2026-04-09-B,WC-07,B,2026-04-09 14:00:00,2026-04-09 22:00:00,100020,65,62,30,OP-1028
2026-04-09-B,WC-08,B,2026-04-09 14:00:00,2026-04-09 22:00:00,100020,68,68,22,OP-1001
2026-04-09-B,WC-09,B,2026-04-09 14:00:00,2026-04-09 22:00:00,100020,66,64,13,OP-1013
2026-04-09-C,WC-01,C,2026-04-09 22:00:00,2026-04-10 06:00:00,100002,53,52,1,OP-1031
2026-04-09-C,WC-02,C,2026-04-09 22:00:00,2026-04-10 06:00:00,100002,58,57,45,OP-1019
2026-04-09-C,WC-03,C,2026-04-09 22:00:00,2026-04-10 06:00:00,100002,65,63,12,OP-1010
2026-04-09-C,WC-04,C,2026-04-09 22:00:00,2026-04-10 06:00:00,100011,60,6,37,OP-1034
2026-04-09-C,WC-05,C,2026-04-09 22:00:00,2026-04-10 06:00:00,100011,64,62,28,OP-1029
2026-04-09-C,WC-06,C,2026-04-09 22:00:00,2026-04-10 06:00:00,100011,56,55,32,OP-1028
2026-04-09-C,WC-07,C,2026-04-09 22:00:00,2026-04-10 06:00:00,100020,64,63,33,OP-1003
2026-04-09-C,WC-08,C,2026-04-09 22:00:00,2026-04-10 06:00:00,100020,49,49,25,OP-1038
2026-04-09-C,WC-09,C,2026-04-09 22:00:00,2026-04-10 06:00:00,100020,63,62,14,OP-1023
2026-04-10-A,WC-01,A,2026-04-10 06:00:00,2026-04-10 14:00:00,100002,57,58,1,OP-1009
2026-04-10-A,WC-02,A,2026-04-10 06:00:00,2026-04-10 14:00:00,100002,47,46,25,OP-1035
2026-04-10-A,WC-03,A,2026-04-10 06:00:00,2026-04-10 14:00:00,100002,67,66,6,OP-1029
2026-04-10-A,WC-04,A,2026-04-10 06:00:00,2026-04-10 14:00:00,100011,69,66,5,OP-1020
2026-04-10-A,WC-05,A,2026-04-10 06:00:00,2026-04-10 14:00:00,100011,55,55,41,OP-1014
2026-04-10-A,WC-06,A,2026-04-10 06:00:00,2026-04-10 14:00:00,100011,58,58,29,OP-1010
2026-04-10-A,WC-07,A,2026-04-10 06:00:00,2026-04-10 14:00:00,100020,61,61,23,OP-1023
2026-04-10-A,WC-08,A,2026-04-10 06:00:00,2026-04-10 14:00:00,100020,67,66,12,OP-1025
2026-04-10-A,WC-09,A,2026-04-10 06:00:00,2026-04-10 14:00:00,100020,71,70,34,OP-1009
2026-04-10-B,WC-01,B,2026-04-10 14:00:00,2026-04-10 22:00:00,100002,59,58,6,OP-1025
2026-04-10-B,WC-02,B,2026-04-10 14:00:00,2026-04-10 22:00:00,100002,47,46,17,OP-1039
2026-04-10-B,WC-03,B,2026-04-10 14:00:00,2026-04-10 22:00:00,100002,54,51,29,OP-1029
2026-04-10-B,WC-04,B,2026-04-10 14:00:00,2026-04-10 22:00:00,100011,55,55,15,OP-1019
2026-04-10-B,WC-05,B,2026-04-10 14:00:00,2026-04-10 22:00:00,100011,65,64,19,OP-1011
2026-04-10-B,WC-06,B,2026-04-10 14:00:00,2026-04-10 22:00:00,100011,64,56,23,OP-1005
2026-04-10-B,WC-07,B,2026-04-10 14:00:00,2026-04-10 22:00:00,100020,51,50,27,OP-1003
2026-04-10-B,WC-08,B,2026-04-10 14:00:00,2026-04-10 22:00:00,100020,60,57,35,OP-1027
2026-04-10-B,WC-09,B,2026-04-10 14:00:00,2026-04-10 22:00:00,100020,57,56,4,OP-1017
2026-04-10-C,WC-01,C,2026-04-10 22:00:00,2026-04-11 06:00:00,100002,70,69,3,OP-1028
2026-04-10-C,WC-02,C,2026-04-10 22:00:00,2026-04-11 06:00:00,100002,63,61,44,OP-1022
2026-04-10-C,WC-03,C,2026-04-10 22:00:00,2026-04-11 06:00:00,100002,65,64,36,OP-1038
2026-04-10-C,WC-04,C,2026-04-10 22:00:00,2026-04-11 06:00:00,100011,61,59,32,OP-1024
2026-04-10-C,WC-05,C,2026-04-10 22:00:00,2026-04-11 06:00:00,100011,65,64,30,OP-1025
2026-04-10-C,WC-06,C,2026-04-10 22:00:00,2026-04-11 06:00:00,100011,73,72,33,OP-1018
2026-04-10-C,WC-07,C,2026-04-10 22:00:00,2026-04-11 06:00:00,100020,64,64,7,OP-1009
2026-04-10-C,WC-08,C,2026-04-10 22:00:00,2026-04-11 06:00:00,100020,61,58,5,OP-1029
2026-04-10-C,WC-09,C,2026-04-10 22:00:00,2026-04-11 06:00:00,100020,71,70,12,OP-1010
2026-04-11-A,WC-01,A,2026-04-11 06:00:00,2026-04-11 14:00:00,100002,59,58,25,OP-1014
2026-04-11-A,WC-02,A,2026-04-11 06:00:00,2026-04-11 14:00:00,100002,66,66,36,OP-1015
2026-04-11-A,WC-03,A,2026-04-11 06:00:00,2026-04-11 14:00:00,100002,49,50,27,OP-1030
2026-04-11-A,WC-04,A,2026-04-11 06:00:00,2026-04-11 14:00:00,100011,51,50,32,OP-1030
2026-04-11-A,WC-05,A,2026-04-11 06:00:00,2026-04-11 14:00:00,100011,60,59,19,OP-1017
2026-04-11-A,WC-06,A,2026-04-11 06:00:00,2026-04-11 14:00:00,100011,58,57,8,OP-1032
2026-04-11-A,WC-07,A,2026-04-11 06:00:00,2026-04-11 14:00:00,100020,53,51,32,OP-1002
2026-04-11-A,WC-08,A,2026-04-11 06:00:00,2026-04-11 14:00:00,100020,63,63,21,OP-1007
2026-04-11-A,WC-09,A,2026-04-11 06:00:00,2026-04-11 14:00:00,100020,61,59,30,OP-1022
2026-04-11-B,WC-01,B,2026-04-11 14:00:00,2026-04-11 22:00:00,100002,60,60,22,OP-1034
2026-04-11-B,WC-02,B,2026-04-11 14:00:00,2026-04-11 22:00:00,100002,62,62,11,OP-1013
2026-04-11-B,WC-03,B,2026-04-11 14:00:00,2026-04-11 22:00:00,100002,66,64,3,OP-1027
2026-04-11-B,WC-04,B,2026-04-11 14:00:00,2026-04-11 22:00:00,100011,69,68,25,OP-1012
2026-04-11-B,WC-05,B,2026-04-11 14:00:00,2026-04-11 22:00:00,100011,51,49,2,OP-1015
2026-04-11-B,WC-06,B,2026-04-11 14:00:00,2026-04-11 22:00:00,100011,64,62,18,OP-1011
2026-04-11-B,WC-07,B,2026-04-11 14:00:00,2026-04-11 22:00:00,100020,54,53,40,OP-1014
2026-04-11-B,WC-08,B,2026-04-11 14:00:00,2026-04-11 22:00:00,100020,57,55,8,OP-1016
2026-04-11-B,WC-09,B,2026-04-11 14:00:00,2026-04-11 22:00:00,100020,62,60,31,OP-1024
2026-04-11-C,WC-01,C,2026-04-11 22:00:00,2026-04-12 06:00:00,100002,62,60,32,OP-1028
2026-04-11-C,WC-02,C,2026-04-11 22:00:00,2026-04-12 06:00:00,100002,63,60,13,OP-1029
2026-04-11-C,WC-03,C,2026-04-11 22:00:00,2026-04-12 06:00:00,100002,65,63,30,OP-1008
2026-04-11-C,WC-04,C,2026-04-11 22:00:00,2026-04-12 06:00:00,100011,58,57,43,OP-1026
2026-04-11-C,WC-05,C,2026-04-11 22:00:00,2026-04-12 06:00:00,100011,53,52,37,OP-1021
2026-04-11-C,WC-06,C,2026-04-11 22:00:00,2026-04-12 06:00:00,100011,62,16,15,OP-1007
2026-04-11-C,WC-07,C,2026-04-11 22:00:00,2026-04-12 06:00:00,100020,53,52,0,OP-1035
2026-04-11-C,WC-08,C,2026-04-11 22:00:00,2026-04-12 06:00:00,100020,47,45,4,OP-1024
2026-04-11-C,WC-09,C,2026-04-11 22:00:00,2026-04-12 06:00:00,100020,54,52,38,OP-1031
2026-04-12-A,WC-01,A,2026-04-12 06:00:00,2026-04-12 14:00:00,100002,60,61,44,OP-1037
2026-04-12-A,WC-02,A,2026-04-12 06:00:00,2026-04-12 14:00:00,100002,61,60,18,OP-1036
2026-04-12-A,WC-03,A,2026-04-12 06:00:00,2026-04-12 14:00:00,100002,72,70,17,OP-1014
2026-04-12-A,WC-04,A,2026-04-12 06:00:00,2026-04-12 14:00:00,100011,63,64,32,OP-1015
2026-04-12-A,WC-05,A,2026-04-12 06:00:00,2026-04-12 14:00:00,100011,67,67,39,OP-1009
2026-04-12-A,WC-06,A,2026-04-12 06:00:00,2026-04-12 14:00:00,100011,62,61,12,OP-1038
2026-04-12-A,WC-07,A,2026-04-12 06:00:00,2026-04-12 14:00:00,100020,61,59,33,OP-1029
2026-04-12-A,WC-08,A,2026-04-12 06:00:00,2026-04-12 14:00:00,100020,76,77,44,OP-1008
2026-04-12-A,WC-09,A,2026-04-12 06:00:00,2026-04-12 14:00:00,100020,62,63,27,OP-1002
2026-04-12-B,WC-01,B,2026-04-12 14:00:00,2026-04-12 22:00:00,100002,74,74,7,OP-1009
2026-04-12-B,WC-02,B,2026-04-12 14:00:00,2026-04-12 22:00:00,100002,67,67,35,OP-1027
2026-04-12-B,WC-03,B,2026-04-12 14:00:00,2026-04-12 22:00:00,100002,64,64,41,OP-1030
2026-04-12-B,WC-04,B,2026-04-12 14:00:00,2026-04-12 22:00:00,100011,63,63,33,OP-1008
2026-04-12-B,WC-05,B,2026-04-12 14:00:00,2026-04-12 22:00:00,100011,71,70,16,OP-1032
2026-04-12-B,WC-06,B,2026-04-12 14:00:00,2026-04-12 22:00:00,100011,83,82,6,OP-1038
2026-04-12-B,WC-07,B,2026-04-12 14:00:00,2026-04-12 22:00:00,100020,50,49,42,OP-1011
2026-04-12-B,WC-08,B,2026-04-12 14:00:00,2026-04-12 22:00:00,100020,52,52,9,OP-1021
2026-04-12-B,WC-09,B,2026-04-12 14:00:00,2026-04-12 22:00:00,100020,75,74,39,OP-1035
2026-04-12-C,WC-01,C,2026-04-12 22:00:00,2026-04-13 06:00:00,100002,54,54,31,OP-1028
2026-04-12-C,WC-02,C,2026-04-12 22:00:00,2026-04-13 06:00:00,100002,62,61,8,OP-1033
2026-04-12-C,WC-03,C,2026-04-12 22:00:00,2026-04-13 06:00:00,100002,77,78,23,OP-1009
2026-04-12-C,WC-04,C,2026-04-12 22:00:00,2026-04-13 06:00:00,100011,72,71,24,OP-1013
2026-04-12-C,WC-05,C,2026-04-12 22:00:00,2026-04-13 06:00:00,100011,53,54,25,OP-1019
2026-04-12-C,WC-06,C,2026-04-12 22:00:00,2026-04-13 06:00:00,100011,55,55,4,OP-1023
2026-04-12-C,WC-07,C,2026-04-12 22:00:00,2026-04-13 06:00:00,100020,48,49,43,OP-1005
2026-04-12-C,WC-08,C,2026-04-12 22:00:00,2026-04-13 06:00:00,100020,59,58,9,OP-1030
2026-04-12-C,WC-09,C,2026-04-12 22:00:00,2026-04-13 06:00:00,100020,52,53,36,OP-1024
2026-04-13-A,WC-01,A,2026-04-13 06:00:00,2026-04-13 14:00:00,100002,62,60,9,OP-1029
2026-04-13-A,WC-02,A,2026-04-13 06:00:00,2026-04-13 14:00:00,100002,61,59,42,OP-1025
2026-04-13-A,WC-03,A,2026-04-13 06:00:00,2026-04-13 14:00:00,100002,63,62,22,OP-1000
2026-04-13-A,WC-04,A,2026-04-13 06:00:00,2026-04-13 14:00:00,100011,61,61,39,OP-1008
2026-04-13-A,WC-05,A,2026-04-13 06:00:00,2026-04-13 14:00:00,100011,66,64,24,OP-1018
2026-04-13-A,WC-06,A,2026-04-13 06:00:00,2026-04-13 14:00:00,100011,70,67,5,OP-1007
2026-04-13-A,WC-07,A,2026-04-13 06:00:00,2026-04-13 14:00:00,100020,52,53,35,OP-1023
2026-04-13-A,WC-08,A,2026-04-13 06:00:00,2026-04-13 14:00:00,100020,65,63,34,OP-1010
2026-04-13-A,WC-09,A,2026-04-13 06:00:00,2026-04-13 14:00:00,100020,58,58,32,OP-1016
2026-04-13-B,WC-01,B,2026-04-13 14:00:00,2026-04-13 22:00:00,100002,39,39,22,OP-1013
2026-04-13-B,WC-02,B,2026-04-13 14:00:00,2026-04-13 22:00:00,100002,66,63,42,OP-1004
2026-04-13-B,WC-03,B,2026-04-13 14:00:00,2026-04-13 22:00:00,100002,73,72,37,OP-1035
2026-04-13-B,WC-04,B,2026-04-13 14:00:00,2026-04-13 22:00:00,100011,53,54,1,OP-1006
2026-04-13-B,WC-05,B,2026-04-13 14:00:00,2026-04-13 22:00:00,100011,43,40,18,OP-1014
2026-04-13-B,WC-06,B,2026-04-13 14:00:00,2026-04-13 22:00:00,100011,54,55,10,OP-1021
2026-04-13-B,WC-07,B,2026-04-13 14:00:00,2026-04-13 22:00:00,100020,52,50,14,OP-1037
2026-04-13-B,WC-08,B,2026-04-13 14:00:00,2026-04-13 22:00:00,100020,59,58,18,OP-1036
2026-04-13-B,WC-09,B,2026-04-13 14:00:00,2026-04-13 22:00:00,100020,55,52,17,OP-1019
2026-04-13-C,WC-01,C,2026-04-13 22:00:00,2026-04-14 06:00:00,100002,62,62,7,OP-1037
2026-04-13-C,WC-02,C,2026-04-13 22:00:00,2026-04-14 06:00:00,100002,63,63,17,OP-1010
2026-04-13-C,WC-03,C,2026-04-13 22:00:00,2026-04-14 06:00:00,100002,65,63,14,OP-1033
2026-04-13-C,WC-04,C,2026-04-13 22:00:00,2026-04-14 06:00:00,100011,55,53,39,OP-1005
2026-04-13-C,WC-05,C,2026-04-13 22:00:00,2026-04-14 06:00:00,100011,58,58,37,OP-1019
2026-04-13-C,WC-06,C,2026-04-13 22:00:00,2026-04-14 06:00:00,100011,69,70,12,OP-1027
2026-04-13-C,WC-07,C,2026-04-13 22:00:00,2026-04-14 06:00:00,100020,56,57,9,OP-1014
2026-04-13-C,WC-08,C,2026-04-13 22:00:00,2026-04-14 06:00:00,100020,52,51,43,OP-1021
2026-04-13-C,WC-09,C,2026-04-13 22:00:00,2026-04-14 06:00:00,100020,52,52,43,OP-1021
2026-04-14-A,WC-01,A,2026-04-14 06:00:00,2026-04-14 14:00:00,100002,52,52,0,OP-1010
2026-04-14-A,WC-02,A,2026-04-14 06:00:00,2026-04-14 14:00:00,100002,62,61,26,OP-1027
2026-04-14-A,WC-03,A,2026-04-14 06:00:00,2026-04-14 14:00:00,100002,58,58,9,OP-1025
2026-04-14-A,WC-04,A,2026-04-14 06:00:00,2026-04-14 14:00:00,100011,61,60,35,OP-1021
2026-04-14-A,WC-05,A,2026-04-14 06:00:00,2026-04-14 14:00:00,100011,67,64,33,OP-1012
2026-04-14-A,WC-06,A,2026-04-14 06:00:00,2026-04-14 14:00:00,100011,73,27,9,OP-1022
2026-04-14-A,WC-07,A,2026-04-14 06:00:00,2026-04-14 14:00:00,100020,46,47,9,OP-1010
2026-04-14-A,WC-08,A,2026-04-14 06:00:00,2026-04-14 14:00:00,100020,59,57,15,OP-1035
2026-04-14-A,WC-09,A,2026-04-14 06:00:00,2026-04-14 14:00:00,100020,66,65,43,OP-1020
2026-04-14-B,WC-01,B,2026-04-14 14:00:00,2026-04-14 22:00:00,100002,45,45,19,OP-1033
2026-04-14-B,WC-02,B,2026-04-14 14:00:00,2026-04-14 22:00:00,100002,53,51,41,OP-1035
2026-04-14-B,WC-03,B,2026-04-14 14:00:00,2026-04-14 22:00:00,100002,45,44,42,OP-1029
2026-04-14-B,WC-04,B,2026-04-14 14:00:00,2026-04-14 22:00:00,100011,74,75,19,OP-1026
2026-04-14-B,WC-05,B,2026-04-14 14:00:00,2026-04-14 22:00:00,100011,60,59,29,OP-1032
2026-04-14-B,WC-06,B,2026-04-14 14:00:00,2026-04-14 22:00:00,100011,60,60,25,OP-1005
2026-04-14-B,WC-07,B,2026-04-14 14:00:00,2026-04-14 22:00:00,100020,74,72,40,OP-1004
2026-04-14-B,WC-08,B,2026-04-14 14:00:00,2026-04-14 22:00:00,100020,53,52,27,OP-1023
2026-04-14-B,WC-09,B,2026-04-14 14:00:00,2026-04-14 22:00:00,100020,51,51,14,OP-1039
2026-04-14-C,WC-01,C,2026-04-14 22:00:00,2026-04-15 06:00:00,100002,78,77,3,OP-1024
2026-04-14-C,WC-02,C,2026-04-14 22:00:00,2026-04-15 06:00:00,100002,69,66,36,OP-1032
2026-04-14-C,WC-03,C,2026-04-14 22:00:00,2026-04-15 06:00:00,100002,61,58,43,OP-1014
2026-04-14-C,WC-04,C,2026-04-14 22:00:00,2026-04-15 06:00:00,100011,63,63,41,OP-1006
2026-04-14-C,WC-05,C,2026-04-14 22:00:00,2026-04-15 06:00:00,100011,51,49,24,OP-1008
2026-04-14-C,WC-06,C,2026-04-14 22:00:00,2026-04-15 06:00:00,100011,55,53,25,OP-1001
2026-04-14-C,WC-07,C,2026-04-14 22:00:00,2026-04-15 06:00:00,100020,62,61,7,OP-1026
2026-04-14-C,WC-08,C,2026-04-14 22:00:00,2026-04-15 06:00:00,100020,61,61,21,OP-1032
2026-04-14-C,WC-09,C,2026-04-14 22:00:00,2026-04-15 06:00:00,100020,56,56,20,OP-1031
2026-04-15-A,WC-01,A,2026-04-15 06:00:00,2026-04-15 14:00:00,100003,76,75,2,OP-1039
2026-04-15-A,WC-02,A,2026-04-15 06:00:00,2026-04-15 14:00:00,100003,70,71,33,OP-1017
2026-04-15-A,WC-03,A,2026-04-15 06:00:00,2026-04-15 14:00:00,100003,45,45,10,OP-1039
2026-04-15-A,WC-04,A,2026-04-15 06:00:00,2026-04-15 14:00:00,100012,44,44,15,OP-1022
2026-04-15-A,WC-05,A,2026-04-15 06:00:00,2026-04-15 14:00:00,100012,63,62,37,OP-1026
2026-04-15-A,WC-06,A,2026-04-15 06:00:00,2026-04-15 14:00:00,100012,61,60,12,OP-1011
2026-04-15-A,WC-07,A,2026-04-15 06:00:00,2026-04-15 14:00:00,100021,68,67,34,OP-1005
2026-04-15-A,WC-08,A,2026-04-15 06:00:00,2026-04-15 14:00:00,100021,60,58,1,OP-1025
2026-04-15-A,WC-09,A,2026-04-15 06:00:00,2026-04-15 14:00:00,100021,57,56,43,OP-1036
2026-04-15-B,WC-01,B,2026-04-15 14:00:00,2026-04-15 22:00:00,100003,58,58,8,OP-1024
2026-04-15-B,WC-02,B,2026-04-15 14:00:00,2026-04-15 22:00:00,100003,81,80,18,OP-1029
2026-04-15-B,WC-03,B,2026-04-15 14:00:00,2026-04-15 22:00:00,100003,55,52,3,OP-1003
2026-04-15-B,WC-04,B,2026-04-15 14:00:00,2026-04-15 22:00:00,100012,55,55,19,OP-1011
2026-04-15-B,WC-05,B,2026-04-15 14:00:00,2026-04-15 22:00:00,100012,59,58,43,OP-1036
2026-04-15-B,WC-06,B,2026-04-15 14:00:00,2026-04-15 22:00:00,100012,60,59,11,OP-1017
2026-04-15-B,WC-07,B,2026-04-15 14:00:00,2026-04-15 22:00:00,100021,64,64,22,OP-1019
2026-04-15-B,WC-08,B,2026-04-15 14:00:00,2026-04-15 22:00:00,100021,77,77,27,OP-1017
2026-04-15-B,WC-09,B,2026-04-15 14:00:00,2026-04-15 22:00:00,100021,72,70,2,OP-1017
2026-04-15-C,WC-01,C,2026-04-15 22:00:00,2026-04-16 06:00:00,100003,70,67,19,OP-1034
2026-04-15-C,WC-02,C,2026-04-15 22:00:00,2026-04-16 06:00:00,100003,55,53,14,OP-1034
2026-04-15-C,WC-03,C,2026-04-15 22:00:00,2026-04-16 06:00:00,100003,59,58,29,OP-1006
2026-04-15-C,WC-04,C,2026-04-15 22:00:00,2026-04-16 06:00:00,100012,60,60,30,OP-1011
2026-04-15-C,WC-05,C,2026-04-15 22:00:00,2026-04-16 06:00:00,100012,74,71,42,OP-1020
2026-04-15-C,WC-06,C,2026-04-15 22:00:00,2026-04-16 06:00:00,100012,65,64,1,OP-1031
2026-04-15-C,WC-07,C,2026-04-15 22:00:00,2026-04-16 06:00:00,100021,60,60,30,OP-1015
2026-04-15-C,WC-08,C,2026-04-15 22:00:00,2026-04-16 06:00:00,100021,62,62,1,OP-1033
2026-04-15-C,WC-09,C,2026-04-15 22:00:00,2026-04-16 06:00:00,100021,58,58,34,OP-1029
2026-04-16-A,WC-01,A,2026-04-16 06:00:00,2026-04-16 14:00:00,100003,57,57,16,OP-1035
2026-04-16-A,WC-02,A,2026-04-16 06:00:00,2026-04-16 14:00:00,100003,51,48,44,OP-1019
2026-04-16-A,WC-03,A,2026-04-16 06:00:00,2026-04-16 14:00:00,100003,64,64,2,OP-1003
2026-04-16-A,WC-04,A,2026-04-16 06:00:00,2026-04-16 14:00:00,100012,55,54,26,OP-1037
2026-04-16-A,WC-05,A,2026-04-16 06:00:00,2026-04-16 14:00:00,100012,77,77,3,OP-1008
2026-04-16-A,WC-06,A,2026-04-16 06:00:00,2026-04-16 14:00:00,100012,54,55,15,OP-1005
2026-04-16-A,WC-07,A,2026-04-16 06:00:00,2026-04-16 14:00:00,100021,47,45,4,OP-1039
2026-04-16-A,WC-08,A,2026-04-16 06:00:00,2026-04-16 14:00:00,100021,51,48,27,OP-1010
2026-04-16-A,WC-09,A,2026-04-16 06:00:00,2026-04-16 14:00:00,100021,62,61,39,OP-1013
2026-04-16-B,WC-01,B,2026-04-16 14:00:00,2026-04-16 22:00:00,100003,61,61,6,OP-1038
2026-04-16-B,WC-02,B,2026-04-16 14:00:00,2026-04-16 22:00:00,100003,50,47,28,OP-1028
2026-04-16-B,WC-03,B,2026-04-16 14:00:00,2026-04-16 22:00:00,100003,68,67,20,OP-1009
2026-04-16-B,WC-04,B,2026-04-16 14:00:00,2026-04-16 22:00:00,100012,53,51,16,OP-1016
2026-04-16-B,WC-05,B,2026-04-16 14:00:00,2026-04-16 22:00:00,100012,62,60,14,OP-1025
2026-04-16-B,WC-06,B,2026-04-16 14:00:00,2026-04-16 22:00:00,100012,61,61,19,OP-1023
2026-04-16-B,WC-07,B,2026-04-16 14:00:00,2026-04-16 22:00:00,100021,58,56,32,OP-1037
2026-04-16-B,WC-08,B,2026-04-16 14:00:00,2026-04-16 22:00:00,100021,45,45,36,OP-1006
2026-04-16-B,WC-09,B,2026-04-16 14:00:00,2026-04-16 22:00:00,100021,62,59,18,OP-1032
2026-04-16-C,WC-01,C,2026-04-16 22:00:00,2026-04-17 06:00:00,100003,57,55,21,OP-1007
2026-04-16-C,WC-02,C,2026-04-16 22:00:00,2026-04-17 06:00:00,100003,65,63,30,OP-1023
2026-04-16-C,WC-03,C,2026-04-16 22:00:00,2026-04-17 06:00:00,100003,63,62,21,OP-1008
2026-04-16-C,WC-04,C,2026-04-16 22:00:00,2026-04-17 06:00:00,100012,54,52,39,OP-1023
2026-04-16-C,WC-05,C,2026-04-16 22:00:00,2026-04-17 06:00:00,100012,55,53,3,OP-1031
2026-04-16-C,WC-06,C,2026-04-16 22:00:00,2026-04-17 06:00:00,100012,61,62,7,OP-1008
2026-04-16-C,WC-07,C,2026-04-16 22:00:00,2026-04-17 06:00:00,100021,54,53,17,OP-1016
2026-04-16-C,WC-08,C,2026-04-16 22:00:00,2026-04-17 06:00:00,100021,64,62,36,OP-1031
2026-04-16-C,WC-09,C,2026-04-16 22:00:00,2026-04-17 06:00:00,100021,55,53,41,OP-1001
2026-04-17-A,WC-01,A,2026-04-17 06:00:00,2026-04-17 14:00:00,100003,52,52,14,OP-1025
2026-04-17-A,WC-02,A,2026-04-17 06:00:00,2026-04-17 14:00:00,100003,68,65,3,OP-1010
2026-04-17-A,WC-03,A,2026-04-17 06:00:00,2026-04-17 14:00:00,100003,66,63,21,OP-1014
2026-04-17-A,WC-04,A,2026-04-17 06:00:00,2026-04-17 14:00:00,100012,54,55,2,OP-1034
2026-04-17-A,WC-05,A,2026-04-17 06:00:00,2026-04-17 14:00:00,100012,55,53,38,OP-1010
2026-04-17-A,WC-06,A,2026-04-17 06:00:00,2026-04-17 14:00:00,100012,54,55,27,OP-1024
2026-04-17-A,WC-07,A,2026-04-17 06:00:00,2026-04-17 14:00:00,100021,58,58,38,OP-1016
2026-04-17-A,WC-08,A,2026-04-17 06:00:00,2026-04-17 14:00:00,100021,63,60,43,OP-1014
2026-04-17-A,WC-09,A,2026-04-17 06:00:00,2026-04-17 14:00:00,100021,54,53,17,OP-1018
2026-04-17-B,WC-01,B,2026-04-17 14:00:00,2026-04-17 22:00:00,100003,70,69,14,OP-1000
2026-04-17-B,WC-02,B,2026-04-17 14:00:00,2026-04-17 22:00:00,100003,58,56,23,OP-1012
2026-04-17-B,WC-03,B,2026-04-17 14:00:00,2026-04-17 22:00:00,100003,66,66,19,OP-1027
2026-04-17-B,WC-04,B,2026-04-17 14:00:00,2026-04-17 22:00:00,100012,68,67,34,OP-1015
2026-04-17-B,WC-05,B,2026-04-17 14:00:00,2026-04-17 22:00:00,100012,63,60,19,OP-1022
2026-04-17-B,WC-06,B,2026-04-17 14:00:00,2026-04-17 22:00:00,100012,62,60,35,OP-1017
2026-04-17-B,WC-07,B,2026-04-17 14:00:00,2026-04-17 22:00:00,100021,69,67,7,OP-1017
2026-04-17-B,WC-08,B,2026-04-17 14:00:00,2026-04-17 22:00:00,100021,53,54,39,OP-1013
2026-04-17-B,WC-09,B,2026-04-17 14:00:00,2026-04-17 22:00:00,100021,53,52,34,OP-1027
2026-04-17-C,WC-01,C,2026-04-17 22:00:00,2026-04-18 06:00:00,100003,73,72,32,OP-1018
2026-04-17-C,WC-02,C,2026-04-17 22:00:00,2026-04-18 06:00:00,100003,66,66,20,OP-1011
2026-04-17-C,WC-03,C,2026-04-17 22:00:00,2026-04-18 06:00:00,100003,46,45,0,OP-1013
2026-04-17-C,WC-04,C,2026-04-17 22:00:00,2026-04-18 06:00:00,100012,67,65,9,OP-1031
2026-04-17-C,WC-05,C,2026-04-17 22:00:00,2026-04-18 06:00:00,100012,60,60,12,OP-1014
2026-04-17-C,WC-06,C,2026-04-17 22:00:00,2026-04-18 06:00:00,100012,54,54,37,OP-1020
2026-04-17-C,WC-07,C,2026-04-17 22:00:00,2026-04-18 06:00:00,100021,61,61,32,OP-1037
2026-04-17-C,WC-08,C,2026-04-17 22:00:00,2026-04-18 06:00:00,100021,58,55,2,OP-1034
2026-04-17-C,WC-09,C,2026-04-17 22:00:00,2026-04-18 06:00:00,100021,75,73,7,OP-1008
2026-04-18-A,WC-01,A,2026-04-18 06:00:00,2026-04-18 14:00:00,100003,58,59,2,OP-1004
2026-04-18-A,WC-02,A,2026-04-18 06:00:00,2026-04-18 14:00:00,100003,64,61,27,OP-1013
2026-04-18-A,WC-03,A,2026-04-18 06:00:00,2026-04-18 14:00:00,100003,62,61,8,OP-1001
2026-04-18-A,WC-04,A,2026-04-18 06:00:00,2026-04-18 14:00:00,100012,47,47,17,OP-1014
2026-04-18-A,WC-05,A,2026-04-18 06:00:00,2026-04-18 14:00:00,100012,69,69,16,OP-1039
2026-04-18-A,WC-06,A,2026-04-18 06:00:00,2026-04-18 14:00:00,100012,77,75,45,OP-1013
2026-04-18-A,WC-07,A,2026-04-18 06:00:00,2026-04-18 14:00:00,100021,50,50,39,OP-1039
2026-04-18-A,WC-08,A,2026-04-18 06:00:00,2026-04-18 14:00:00,100021,58,59,0,OP-1003
2026-04-18-A,WC-09,A,2026-04-18 06:00:00,2026-04-18 14:00:00,100021,59,58,25,OP-1023
2026-04-18-B,WC-01,B,2026-04-18 14:00:00,2026-04-18 22:00:00,100003,53,54,36,OP-1014
2026-04-18-B,WC-02,B,2026-04-18 14:00:00,2026-04-18 22:00:00,100003,64,64,35,OP-1019
2026-04-18-B,WC-03,B,2026-04-18 14:00:00,2026-04-18 22:00:00,100003,52,53,28,OP-1031
2026-04-18-B,WC-04,B,2026-04-18 14:00:00,2026-04-18 22:00:00,100012,56,54,11,OP-1015
2026-04-18-B,WC-05,B,2026-04-18 14:00:00,2026-04-18 22:00:00,100012,57,58,26,OP-1004
2026-04-18-B,WC-06,B,2026-04-18 14:00:00,2026-04-18 22:00:00,100012,69,68,42,OP-1009
2026-04-18-B,WC-07,B,2026-04-18 14:00:00,2026-04-18 22:00:00,100021,55,54,25,OP-1020
2026-04-18-B,WC-08,B,2026-04-18 14:00:00,2026-04-18 22:00:00,100021,55,55,33,OP-1003
2026-04-18-B,WC-09,B,2026-04-18 14:00:00,2026-04-18 22:00:00,100021,73,72,2,OP-1035
2026-04-18-C,WC-01,C,2026-04-18 22:00:00,2026-04-19 06:00:00,100003,78,76,8,OP-1027
2026-04-18-C,WC-02,C,2026-04-18 22:00:00,2026-04-19 06:00:00,100003,67,64,28,OP-1030
2026-04-18-C,WC-03,C,2026-04-18 22:00:00,2026-04-19 06:00:00,100003,59,56,34,OP-1029
2026-04-18-C,WC-04,C,2026-04-18 22:00:00,2026-04-19 06:00:00,100012,70,69,35,OP-1006
2026-04-18-C,WC-05,C,2026-04-18 22:00:00,2026-04-19 06:00:00,100012,51,50,1,OP-1010
2026-04-18-C,WC-06,C,2026-04-18 22:00:00,2026-04-19 06:00:00,100012,63,60,21,OP-1038
2026-04-18-C,WC-07,C,2026-04-18 22:00:00,2026-04-19 06:00:00,100021,53,50,30,OP-1022
2026-04-18-C,WC-08,C,2026-04-18 22:00:00,2026-04-19 06:00:00,100021,57,56,36,OP-1004
2026-04-18-C,WC-09,C,2026-04-18 22:00:00,2026-04-19 06:00:00,100021,62,60,22,OP-1017
2026-04-19-A,WC-01,A,2026-04-19 06:00:00,2026-04-19 14:00:00,100003,54,54,22,OP-1010
2026-04-19-A,WC-02,A,2026-04-19 06:00:00,2026-04-19 14:00:00,100003,70,68,32,OP-1035
2026-04-19-A,WC-03,A,2026-04-19 06:00:00,2026-04-19 14:00:00,100003,62,61,28,OP-1012
2026-04-19-A,WC-04,A,2026-04-19 06:00:00,2026-04-19 14:00:00,100012,71,70,35,OP-1022
2026-04-19-A,WC-05,A,2026-04-19 06:00:00,2026-04-19 14:00:00,100012,64,62,31,OP-1002
2026-04-19-A,WC-06,A,2026-04-19 06:00:00,2026-04-19 14:00:00,100012,56,53,45,OP-1039
2026-04-19-A,WC-07,A,2026-04-19 06:00:00,2026-04-19 14:00:00,100021,58,55,17,OP-1024
2026-04-19-A,WC-08,A,2026-04-19 06:00:00,2026-04-19 14:00:00,100021,53,54,6,OP-1034
2026-04-19-A,WC-09,A,2026-04-19 06:00:00,2026-04-19 14:00:00,100021,68,67,15,OP-1011
2026-04-19-B,WC-01,B,2026-04-19 14:00:00,2026-04-19 22:00:00,100003,56,54,6,OP-1027
2026-04-19-B,WC-02,B,2026-04-19 14:00:00,2026-04-19 22:00:00,100003,60,61,20,OP-1031
2026-04-19-B,WC-03,B,2026-04-19 14:00:00,2026-04-19 22:00:00,100003,50,50,35,OP-1023
2026-04-19-B,WC-04,B,2026-04-19 14:00:00,2026-04-19 22:00:00,100012,57,56,42,OP-1038
2026-04-19-B,WC-05,B,2026-04-19 14:00:00,2026-04-19 22:00:00,100012,83,81,41,OP-1012
2026-04-19-B,WC-06,B,2026-04-19 14:00:00,2026-04-19 22:00:00,100012,52,52,25,OP-1038
2026-04-19-B,WC-07,B,2026-04-19 14:00:00,2026-04-19 22:00:00,100021,40,40,41,OP-1004
2026-04-19-B,WC-08,B,2026-04-19 14:00:00,2026-04-19 22:00:00,100021,49,47,4,OP-1027
2026-04-19-B,WC-09,B,2026-04-19 14:00:00,2026-04-19 22:00:00,100021,72,70,21,OP-1010
2026-04-19-C,WC-01,C,2026-04-19 22:00:00,2026-04-20 06:00:00,100003,71,68,3,OP-1009
2026-04-19-C,WC-02,C,2026-04-19 22:00:00,2026-04-20 06:00:00,100003,70,68,43,OP-1027
2026-04-19-C,WC-03,C,2026-04-19 22:00:00,2026-04-20 06:00:00,100003,57,58,2,OP-1005
2026-04-19-C,WC-04,C,2026-04-19 22:00:00,2026-04-20 06:00:00,100012,52,52,42,OP-1025
2026-04-19-C,WC-05,C,2026-04-19 22:00:00,2026-04-20 06:00:00,100012,71,71,2,OP-1001
2026-04-19-C,WC-06,C,2026-04-19 22:00:00,2026-04-20 06:00:00,100012,57,58,12,OP-1018
2026-04-19-C,WC-07,C,2026-04-19 22:00:00,2026-04-20 06:00:00,100021,55,54,38,OP-1008
2026-04-19-C,WC-08,C,2026-04-19 22:00:00,2026-04-20 06:00:00,100021,53,54,17,OP-1029
2026-04-19-C,WC-09,C,2026-04-19 22:00:00,2026-04-20 06:00:00,100021,70,69,8,OP-1020
2026-04-20-A,WC-01,A,2026-04-20 06:00:00,2026-04-20 14:00:00,100003,69,68,31,OP-1004
2026-04-20-A,WC-02,A,2026-04-20 06:00:00,2026-04-20 14:00:00,100003,63,63,3,OP-1028
2026-04-20-A,WC-03,A,2026-04-20 06:00:00,2026-04-20 14:00:00,100003,64,61,14,OP-1016
2026-04-20-A,WC-04,A,2026-04-20 06:00:00,2026-04-20 14:00:00,100012,68,67,13,OP-1006
2026-04-20-A,WC-05,A,2026-04-20 06:00:00,2026-04-20 14:00:00,100012,47,46,39,OP-1024
2026-04-20-A,WC-06,A,2026-04-20 06:00:00,2026-04-20 14:00:00,100012,50,49,2,OP-1032
2026-04-20-A,WC-07,A,2026-04-20 06:00:00,2026-04-20 14:00:00,100021,55,65,27,OP-1022
2026-04-20-A,WC-08,A,2026-04-20 06:00:00,2026-04-20 14:00:00,100021,42,42,14,OP-1039
2026-04-20-A,WC-09,A,2026-04-20 06:00:00,2026-04-20 14:00:00,100021,76,77,5,OP-1020
2026-04-20-B,WC-01,B,2026-04-20 14:00:00,2026-04-20 22:00:00,100003,57,55,18,OP-1037
2026-04-20-B,WC-02,B,2026-04-20 14:00:00,2026-04-20 22:00:00,100003,52,53,33,OP-1020
2026-04-20-B,WC-03,B,2026-04-20 14:00:00,2026-04-20 22:00:00,100003,48,46,19,OP-1012
2026-04-20-B,WC-04,B,2026-04-20 14:00:00,2026-04-20 22:00:00,100012,64,62,0,OP-1021
2026-04-20-B,WC-05,B,2026-04-20 14:00:00,2026-04-20 22:00:00,100012,56,57,45,OP-1038
2026-04-20-B,WC-06,B,2026-04-20 14:00:00,2026-04-20 22:00:00,100012,74,74,3,OP-1008
2026-04-20-B,WC-07,B,2026-04-20 14:00:00,2026-04-20 22:00:00,100021,45,45,38,OP-1035
2026-04-20-B,WC-08,B,2026-04-20 14:00:00,2026-04-20 22:00:00,100021,61,62,14,OP-1006
2026-04-20-B,WC-09,B,2026-04-20 14:00:00,2026-04-20 22:00:00,100021,62,61,13,OP-1009
2026-04-20-C,WC-01,C,2026-04-20 22:00:00,2026-04-21 06:00:00,100003,54,55,21,OP-1037
2026-04-20-C,WC-02,C,2026-04-20 22:00:00,2026-04-21 06:00:00,100003,66,65,25,OP-1021
2026-04-20-C,WC-03,C,2026-04-20 22:00:00,2026-04-21 06:00:00,100003,65,63,34,OP-1013
2026-04-20-C,WC-04,C,2026-04-20 22:00:00,2026-04-21 06:00:00,100012,72,73,41,OP-1025
2026-04-20-C,WC-05,C,2026-04-20 22:00:00,2026-04-21 06:00:00,100012,69,67,17,OP-1001
2026-04-20-C,WC-06,C,2026-04-20 22:00:00,2026-04-21 06:00:00,100012,75,76,40,OP-1039
2026-04-20-C,WC-07,C,2026-04-20 22:00:00,2026-04-21 06:00:00,100021,67,68,22,OP-1002
2026-04-20-C,WC-08,C,2026-04-20 22:00:00,2026-04-21 06:00:00,100021,61,59,8,OP-1008
2026-04-20-C,WC-09,C,2026-04-20 22:00:00,2026-04-21 06:00:00,100021,51,49,0,OP-1039
2026-04-21-A,WC-01,A,2026-04-21 06:00:00,2026-04-21 14:00:00,100003,45,42,33,OP-1011
2026-04-21-A,WC-02,A,2026-04-21 06:00:00,2026-04-21 14:00:00,100003,55,53,14,OP-1026
2026-04-21-A,WC-03,A,2026-04-21 06:00:00,2026-04-21 14:00:00,100003,68,65,36,OP-1037
2026-04-21-A,WC-04,A,2026-04-21 06:00:00,2026-04-21 14:00:00,100012,57,56,42,OP-1036
2026-04-21-A,WC-05,A,2026-04-21 06:00:00,2026-04-21 14:00:00,100012,46,44,18,OP-1011
2026-04-21-A,WC-06,A,2026-04-21 06:00:00,2026-04-21 14:00:00,100012,61,61,32,OP-1005
2026-04-21-A,WC-07,A,2026-04-21 06:00:00,2026-04-21 14:00:00,100021,73,72,8,OP-1011
2026-04-21-A,WC-08,A,2026-04-21 06:00:00,2026-04-21 14:00:00,100021,63,62,4,OP-1028
2026-04-21-A,WC-09,A,2026-04-21 06:00:00,2026-04-21 14:00:00,100021,55,52,8,OP-1016
2026-04-21-B,WC-01,B,2026-04-21 14:00:00,2026-04-21 22:00:00,100003,71,69,30,OP-1039
2026-04-21-B,WC-02,B,2026-04-21 14:00:00,2026-04-21 22:00:00,100003,42,43,21,OP-1018
2026-04-21-B,WC-03,B,2026-04-21 14:00:00,2026-04-21 22:00:00,100003,62,62,36,OP-1031
2026-04-21-B,WC-04,B,2026-04-21 14:00:00,2026-04-21 22:00:00,100012,45,43,23,OP-1001
2026-04-21-B,WC-05,B,2026-04-21 14:00:00,2026-04-21 22:00:00,100012,63,61,7,OP-1015
2026-04-21-B,WC-06,B,2026-04-21 14:00:00,2026-04-21 22:00:00,100012,78,76,12,OP-1022
2026-04-21-B,WC-07,B,2026-04-21 14:00:00,2026-04-21 22:00:00,100021,61,60,8,OP-1029
2026-04-21-B,WC-08,B,2026-04-21 14:00:00,2026-04-21 22:00:00,100021,58,56,10,OP-1036
2026-04-21-B,WC-09,B,2026-04-21 14:00:00,2026-04-21 22:00:00,100021,63,62,17,OP-1023
2026-04-21-C,WC-01,C,2026-04-21 22:00:00,2026-04-22 06:00:00,100003,64,62,13,OP-1008
2026-04-21-C,WC-02,C,2026-04-21 22:00:00,2026-04-22 06:00:00,100003,61,59,36,OP-1029
2026-04-21-C,WC-03,C,2026-04-21 22:00:00,2026-04-22 06:00:00,100003,53,52,13,OP-1019
2026-04-21-C,WC-04,C,2026-04-21 22:00:00,2026-04-22 06:00:00,100012,73,72,28,OP-1038
2026-04-21-C,WC-05,C,2026-04-21 22:00:00,2026-04-22 06:00:00,100012,58,58,5,OP-1014
2026-04-21-C,WC-06,C,2026-04-21 22:00:00,2026-04-22 06:00:00,100012,43,42,19,OP-1016
2026-04-21-C,WC-07,C,2026-04-21 22:00:00,2026-04-22 06:00:00,100021,54,53,2,OP-1025
2026-04-21-C,WC-08,C,2026-04-21 22:00:00,2026-04-22 06:00:00,100021,71,69,36,OP-1018
2026-04-21-C,WC-09,C,2026-04-21 22:00:00,2026-04-22 06:00:00,100021,54,52,22,OP-1024
2026-04-22-A,WC-01,A,2026-04-22 06:00:00,2026-04-22 14:00:00,100004,70,69,29,OP-1027
2026-04-22-A,WC-02,A,2026-04-22 06:00:00,2026-04-22 14:00:00,100004,62,60,42,OP-1013
2026-04-22-A,WC-03,A,2026-04-22 06:00:00,2026-04-22 14:00:00,100004,55,54,30,OP-1033
2026-04-22-A,WC-04,A,2026-04-22 06:00:00,2026-04-22 14:00:00,100013,59,56,15,OP-1029
2026-04-22-A,WC-05,A,2026-04-22 06:00:00,2026-04-22 14:00:00,100013,72,70,26,OP-1012
2026-04-22-A,WC-06,A,2026-04-22 06:00:00,2026-04-22 14:00:00,100013,48,48,31,OP-1013
2026-04-22-A,WC-07,A,2026-04-22 06:00:00,2026-04-22 14:00:00,100022,62,60,3,OP-1022
2026-04-22-A,WC-08,A,2026-04-22 06:00:00,2026-04-22 14:00:00,100022,60,59,26,OP-1038
2026-04-22-A,WC-09,A,2026-04-22 06:00:00,2026-04-22 14:00:00,100022,46,45,25,OP-1010
2026-04-22-B,WC-01,B,2026-04-22 14:00:00,2026-04-22 22:00:00,100004,66,63,40,OP-1037
2026-04-22-B,WC-02,B,2026-04-22 14:00:00,2026-04-22 22:00:00,100004,65,64,12,OP-1028
2026-04-22-B,WC-03,B,2026-04-22 14:00:00,2026-04-22 22:00:00,100004,50,49,16,OP-1017
2026-04-22-B,WC-04,B,2026-04-22 14:00:00,2026-04-22 22:00:00,100013,63,62,16,OP-1022
2026-04-22-B,WC-05,B,2026-04-22 14:00:00,2026-04-22 22:00:00,100013,57,55,33,OP-1010
2026-04-22-B,WC-06,B,2026-04-22 14:00:00,2026-04-22 22:00:00,100013,64,65,7,OP-1039
2026-04-22-B,WC-07,B,2026-04-22 14:00:00,2026-04-22 22:00:00,100022,67,66,44,OP-1015
2026-04-22-B,WC-08,B,2026-04-22 14:00:00,2026-04-22 22:00:00,100022,68,67,32,OP-1003
2026-04-22-B,WC-09,B,2026-04-22 14:00:00,2026-04-22 22:00:00,100022,50,50,5,OP-1035
2026-04-22-C,WC-01,C,2026-04-22 22:00:00,2026-04-23 06:00:00,100004,52,50,14,OP-1013
2026-04-22-C,WC-02,C,2026-04-22 22:00:00,2026-04-23 06:00:00,100004,65,64,32,OP-1037
2026-04-22-C,WC-03,C,2026-04-22 22:00:00,2026-04-23 06:00:00,100004,51,51,30,OP-1018
2026-04-22-C,WC-04,C,2026-04-22 22:00:00,2026-04-23 06:00:00,100013,65,63,9,OP-1018
2026-04-22-C,WC-05,C,2026-04-22 22:00:00,2026-04-23 06:00:00,100013,69,67,43,OP-1011
2026-04-22-C,WC-06,C,2026-04-22 22:00:00,2026-04-23 06:00:00,100013,60,59,12,OP-1035
2026-04-22-C,WC-07,C,2026-04-22 22:00:00,2026-04-23 06:00:00,100022,57,54,19,OP-1036
2026-04-22-C,WC-08,C,2026-04-22 22:00:00,2026-04-23 06:00:00,100022,64,63,21,OP-1036
2026-04-22-C,WC-09,C,2026-04-22 22:00:00,2026-04-23 06:00:00,100022,53,52,14,OP-1027
2026-04-23-A,WC-01,A,2026-04-23 06:00:00,2026-04-23 14:00:00,100004,53,52,5,OP-1015
2026-04-23-A,WC-02,A,2026-04-23 06:00:00,2026-04-23 14:00:00,100004,68,68,17,OP-1004
2026-04-23-A,WC-03,A,2026-04-23 06:00:00,2026-04-23 14:00:00,100004,58,59,32,OP-1017
2026-04-23-A,WC-04,A,2026-04-23 06:00:00,2026-04-23 14:00:00,100013,74,72,14,OP-1005
2026-04-23-A,WC-05,A,2026-04-23 06:00:00,2026-04-23 14:00:00,100013,66,66,9,OP-1018
2026-04-23-A,WC-06,A,2026-04-23 06:00:00,2026-04-23 14:00:00,100013,68,67,45,OP-1027
2026-04-23-A,WC-07,A,2026-04-23 06:00:00,2026-04-23 14:00:00,100022,59,57,9,OP-1008
2026-04-23-A,WC-08,A,2026-04-23 06:00:00,2026-04-23 14:00:00,100022,67,67,36,OP-1014
2026-04-23-A,WC-09,A,2026-04-23 06:00:00,2026-04-23 14:00:00,100022,63,62,27,OP-1036
2026-04-23-B,WC-01,B,2026-04-23 14:00:00,2026-04-23 22:00:00,100004,48,45,10,OP-1036
2026-04-23-B,WC-02,B,2026-04-23 14:00:00,2026-04-23 22:00:00,100004,57,57,4,OP-1021
2026-04-23-B,WC-03,B,2026-04-23 14:00:00,2026-04-23 22:00:00,100004,50,48,24,OP-1028
2026-04-23-B,WC-04,B,2026-04-23 14:00:00,2026-04-23 22:00:00,100013,62,60,7,OP-1034
2026-04-23-B,WC-05,B,2026-04-23 14:00:00,2026-04-23 22:00:00,100013,63,62,39,OP-1019
2026-04-23-B,WC-06,B,2026-04-23 14:00:00,2026-04-23 22:00:00,100013,54,51,0,OP-1008
2026-04-23-B,WC-07,B,2026-04-23 14:00:00,2026-04-23 22:00:00,100022,47,46,5,OP-1006
2026-04-23-B,WC-08,B,2026-04-23 14:00:00,2026-04-23 22:00:00,100022,70,68,29,OP-1019
2026-04-23-B,WC-09,B,2026-04-23 14:00:00,2026-04-23 22:00:00,100022,48,48,17,OP-1012
2026-04-23-C,WC-01,C,2026-04-23 22:00:00,2026-04-24 06:00:00,100004,63,62,15,OP-1023
2026-04-23-C,WC-02,C,2026-04-23 22:00:00,2026-04-24 06:00:00,100004,75,73,13,OP-1037
2026-04-23-C,WC-03,C,2026-04-23 22:00:00,2026-04-24 06:00:00,100004,56,55,44,OP-1024
2026-04-23-C,WC-04,C,2026-04-23 22:00:00,2026-04-24 06:00:00,100013,65,65,45,OP-1000
2026-04-23-C,WC-05,C,2026-04-23 22:00:00,2026-04-24 06:00:00,100013,59,59,18,OP-1026
2026-04-23-C,WC-06,C,2026-04-23 22:00:00,2026-04-24 06:00:00,100013,52,51,21,OP-1017
2026-04-23-C,WC-07,C,2026-04-23 22:00:00,2026-04-24 06:00:00,100022,53,53,19,OP-1009
2026-04-23-C,WC-08,C,2026-04-23 22:00:00,2026-04-24 06:00:00,100022,58,56,44,OP-1006
2026-04-23-C,WC-09,C,2026-04-23 22:00:00,2026-04-24 06:00:00,100022,53,51,33,OP-1001
2026-04-24-A,WC-01,A,2026-04-24 06:00:00,2026-04-24 14:00:00,100004,74,72,12,OP-1038
2026-04-24-A,WC-02,A,2026-04-24 06:00:00,2026-04-24 14:00:00,100004,55,54,36,OP-1021
2026-04-24-A,WC-03,A,2026-04-24 06:00:00,2026-04-24 14:00:00,100004,54,53,9,OP-1038
2026-04-24-A,WC-04,A,2026-04-24 06:00:00,2026-04-24 14:00:00,100013,65,62,39,OP-1002
2026-04-24-A,WC-05,A,2026-04-24 06:00:00,2026-04-24 14:00:00,100013,62,60,28,OP-1014
2026-04-24-A,WC-06,A,2026-04-24 06:00:00,2026-04-24 14:00:00,100013,62,61,10,OP-1037
2026-04-24-A,WC-07,A,2026-04-24 06:00:00,2026-04-24 14:00:00,100022,61,62,37,OP-1027
2026-04-24-A,WC-08,A,2026-04-24 06:00:00,2026-04-24 14:00:00,100022,69,67,38,OP-1032
2026-04-24-A,WC-09,A,2026-04-24 06:00:00,2026-04-24 14:00:00,100022,55,53,36,OP-1003
2026-04-24-B,WC-01,B,2026-04-24 14:00:00,2026-04-24 22:00:00,100004,56,55,3,OP-1018
2026-04-24-B,WC-02,B,2026-04-24 14:00:00,2026-04-24 22:00:00,100004,70,68,11,OP-1023
2026-04-24-B,WC-03,B,2026-04-24 14:00:00,2026-04-24 22:00:00,100004,52,52,40,OP-1000
2026-04-24-B,WC-04,B,2026-04-24 14:00:00,2026-04-24 22:00:00,100013,62,62,33,OP-1035
2026-04-24-B,WC-05,B,2026-04-24 14:00:00,2026-04-24 22:00:00,100013,57,55,30,OP-1021
2026-04-24-B,WC-06,B,2026-04-24 14:00:00,2026-04-24 22:00:00,100013,61,61,18,OP-1021
2026-04-24-B,WC-07,B,2026-04-24 14:00:00,2026-04-24 22:00:00,100022,56,54,31,OP-1004
2026-04-24-B,WC-08,B,2026-04-24 14:00:00,2026-04-24 22:00:00,100022,65,62,36,OP-1018
2026-04-24-B,WC-09,B,2026-04-24 14:00:00,2026-04-24 22:00:00,100022,81,78,39,OP-1029
2026-04-24-C,WC-01,C,2026-04-24 22:00:00,2026-04-25 06:00:00,100004,64,61,22,OP-1025
2026-04-24-C,WC-02,C,2026-04-24 22:00:00,2026-04-25 06:00:00,100004,70,68,27,OP-1007
2026-04-24-C,WC-03,C,2026-04-24 22:00:00,2026-04-25 06:00:00,100004,59,58,37,OP-1028
2026-04-24-C,WC-04,C,2026-04-24 22:00:00,2026-04-25 06:00:00,100013,55,54,7,OP-1031
2026-04-24-C,WC-05,C,2026-04-24 22:00:00,2026-04-25 06:00:00,100013,60,58,21,OP-1007
2026-04-24-C,WC-06,C,2026-04-24 22:00:00,2026-04-25 06:00:00,100013,60,59,41,OP-1033
2026-04-24-C,WC-07,C,2026-04-24 22:00:00,2026-04-25 06:00:00,100022,57,57,9,OP-1017
2026-04-24-C,WC-08,C,2026-04-24 22:00:00,2026-04-25 06:00:00,100022,73,72,24,OP-1018
2026-04-24-C,WC-09,C,2026-04-24 22:00:00,2026-04-25 06:00:00,100022,73,71,12,OP-1015
2026-04-25-A,WC-01,A,2026-04-25 06:00:00,2026-04-25 14:00:00,100004,69,67,28,OP-1015
2026-04-25-A,WC-02,A,2026-04-25 06:00:00,2026-04-25 14:00:00,100004,70,70,22,OP-1036
2026-04-25-A,WC-03,A,2026-04-25 06:00:00,2026-04-25 14:00:00,100004,71,70,14,OP-1034
2026-04-25-A,WC-04,A,2026-04-25 06:00:00,2026-04-25 14:00:00,100013,53,53,19,OP-1014
2026-04-25-A,WC-05,A,2026-04-25 06:00:00,2026-04-25 14:00:00,100013,49,48,33,OP-1025
2026-04-25-A,WC-06,A,2026-04-25 06:00:00,2026-04-25 14:00:00,100013,58,58,12,OP-1004
2026-04-25-A,WC-07,A,2026-04-25 06:00:00,2026-04-25 14:00:00,100022,59,60,17,OP-1019
2026-04-25-A,WC-08,A,2026-04-25 06:00:00,2026-04-25 14:00:00,100022,59,57,41,OP-1033
2026-04-25-A,WC-09,A,2026-04-25 06:00:00,2026-04-25 14:00:00,100022,62,62,20,OP-1039
2026-04-25-B,WC-01,B,2026-04-25 14:00:00,2026-04-25 22:00:00,100004,61,59,45,OP-1010
2026-04-25-B,WC-02,B,2026-04-25 14:00:00,2026-04-25 22:00:00,100004,74,73,33,OP-1017
2026-04-25-B,WC-03,B,2026-04-25 14:00:00,2026-04-25 22:00:00,100004,74,75,33,OP-1013
2026-04-25-B,WC-04,B,2026-04-25 14:00:00,2026-04-25 22:00:00,100013,52,52,43,OP-1027
2026-04-25-B,WC-05,B,2026-04-25 14:00:00,2026-04-25 22:00:00,100013,48,47,2,OP-1012
2026-04-25-B,WC-06,B,2026-04-25 14:00:00,2026-04-25 22:00:00,100013,63,62,34,OP-1004
2026-04-25-B,WC-07,B,2026-04-25 14:00:00,2026-04-25 22:00:00,100022,54,53,15,OP-1030
2026-04-25-B,WC-08,B,2026-04-25 14:00:00,2026-04-25 22:00:00,100022,62,63,36,OP-1038
2026-04-25-B,WC-09,B,2026-04-25 14:00:00,2026-04-25 22:00:00,100022,53,51,22,OP-1037
2026-04-25-C,WC-01,C,2026-04-25 22:00:00,2026-04-26 06:00:00,100004,56,55,4,OP-1010
2026-04-25-C,WC-02,C,2026-04-25 22:00:00,2026-04-26 06:00:00,100004,62,62,35,OP-1000
2026-04-25-C,WC-03,C,2026-04-25 22:00:00,2026-04-26 06:00:00,100004,73,74,31,OP-1001
2026-04-25-C,WC-04,C,2026-04-25 22:00:00,2026-04-26 06:00:00,100013,60,59,17,OP-1035
2026-04-25-C,WC-05,C,2026-04-25 22:00:00,2026-04-26 06:00:00,100013,49,49,16,OP-1021
2026-04-25-C,WC-06,C,2026-04-25 22:00:00,2026-04-26 06:00:00,100013,63,61,17,OP-1013
2026-04-25-C,WC-07,C,2026-04-25 22:00:00,2026-04-26 06:00:00,100022,55,54,27,OP-1022
2026-04-25-C,WC-08,C,2026-04-25 22:00:00,2026-04-26 06:00:00,100022,81,80,41,OP-1020
2026-04-25-C,WC-09,C,2026-04-25 22:00:00,2026-04-26 06:00:00,100022,67,67,18,OP-1025
2026-04-26-A,WC-01,A,2026-04-26 06:00:00,2026-04-26 14:00:00,100004,56,54,0,OP-1002
2026-04-26-A,WC-02,A,2026-04-26 06:00:00,2026-04-26 14:00:00,100004,62,63,41,OP-1012
2026-04-26-A,WC-03,A,2026-04-26 06:00:00,2026-04-26 14:00:00,100004,75,73,19,OP-1030
2026-04-26-A,WC-04,A,2026-04-26 06:00:00,2026-04-26 14:00:00,100013,50,51,3,OP-1001
2026-04-26-A,WC-05,A,2026-04-26 06:00:00,2026-04-26 14:00:00,100013,59,59,44,OP-1006
2026-04-26-A,WC-06,A,2026-04-26 06:00:00,2026-04-26 14:00:00,100013,65,63,25,OP-1037
2026-04-26-A,WC-07,A,2026-04-26 06:00:00,2026-04-26 14:00:00,100022,57,58,29,OP-1031
2026-04-26-A,WC-08,A,2026-04-26 06:00:00,2026-04-26 14:00:00,100022,58,56,17,OP-1033
2026-04-26-A,WC-09,A,2026-04-26 06:00:00,2026-04-26 14:00:00,100022,46,45,7,OP-1024
2026-04-26-B,WC-01,B,2026-04-26 14:00:00,2026-04-26 22:00:00,100004,66,65,24,OP-1015
2026-04-26-B,WC-02,B,2026-04-26 14:00:00,2026-04-26 22:00:00,100004,53,52,42,OP-1036
2026-04-26-B,WC-03,B,2026-04-26 14:00:00,2026-04-26 22:00:00,100004,52,53,22,OP-1010
2026-04-26-B,WC-04,B,2026-04-26 14:00:00,2026-04-26 22:00:00,100013,52,53,43,OP-1025
2026-04-26-B,WC-05,B,2026-04-26 14:00:00,2026-04-26 22:00:00,100013,48,47,31,OP-1011
2026-04-26-B,WC-06,B,2026-04-26 14:00:00,2026-04-26 22:00:00,100013,50,50,44,OP-1009
2026-04-26-B,WC-07,B,2026-04-26 14:00:00,2026-04-26 22:00:00,100022,65,63,28,OP-1035
2026-04-26-B,WC-08,B,2026-04-26 14:00:00,2026-04-26 22:00:00,100022,70,69,15,OP-1028
2026-04-26-B,WC-09,B,2026-04-26 14:00:00,2026-04-26 22:00:00,100022,57,55,19,OP-1032
2026-04-26-C,WC-01,C,2026-04-26 22:00:00,2026-04-27 06:00:00,100004,58,58,8,OP-1037
2026-04-26-C,WC-02,C,2026-04-26 22:00:00,2026-04-27 06:00:00,100004,41,41,25,OP-1022
2026-04-26-C,WC-03,C,2026-04-26 22:00:00,2026-04-27 06:00:00,100004,54,53,18,OP-1017
2026-04-26-C,WC-04,C,2026-04-26 22:00:00,2026-04-27 06:00:00,100013,57,57,42,OP-1012
2026-04-26-C,WC-05,C,2026-04-26 22:00:00,2026-04-27 06:00:00,100013,45,42,26,OP-1001
2026-04-26-C,WC-06,C,2026-04-26 22:00:00,2026-04-27 06:00:00,100013,52,51,21,OP-1007
2026-04-26-C,WC-07,C,2026-04-26 22:00:00,2026-04-27 06:00:00,100022,70,70,25,OP-1007
2026-04-26-C,WC-08,C,2026-04-26 22:00:00,2026-04-27 06:00:00,100022,64,65,20,OP-1007
2026-04-26-C,WC-09,C,2026-04-26 22:00:00,2026-04-27 06:00:00,100022,44,42,3,OP-1010
2026-04-27-A,WC-01,A,2026-04-27 06:00:00,2026-04-27 14:00:00,100004,64,63,32,OP-1034
2026-04-27-A,WC-02,A,2026-04-27 06:00:00,2026-04-27 14:00:00,100004,60,60,20,OP-1008
2026-04-27-A,WC-03,A,2026-04-27 06:00:00,2026-04-27 14:00:00,100004,51,48,23,OP-1028
2026-04-27-A,WC-04,A,2026-04-27 06:00:00,2026-04-27 14:00:00,100013,60,58,5,OP-1026
2026-04-27-A,WC-05,A,2026-04-27 06:00:00,2026-04-27 14:00:00,100013,53,54,25,OP-1004
2026-04-27-A,WC-06,A,2026-04-27 06:00:00,2026-04-27 14:00:00,100013,66,67,0,OP-1003
2026-04-27-A,WC-07,A,2026-04-27 06:00:00,2026-04-27 14:00:00,100022,80,78,30,OP-1026
2026-04-27-A,WC-08,A,2026-04-27 06:00:00,2026-04-27 14:00:00,100022,52,52,34,OP-1023
2026-04-27-A,WC-09,A,2026-04-27 06:00:00,2026-04-27 14:00:00,100022,66,64,7,OP-1002
2026-04-27-B,WC-01,B,2026-04-27 14:00:00,2026-04-27 22:00:00,100004,55,56,7,OP-1007
2026-04-27-B,WC-02,B,2026-04-27 14:00:00,2026-04-27 22:00:00,100004,62,61,19,OP-1003
2026-04-27-B,WC-03,B,2026-04-27 14:00:00,2026-04-27 22:00:00,100004,54,53,31,OP-1004
2026-04-27-B,WC-04,B,2026-04-27 14:00:00,2026-04-27 22:00:00,100013,44,45,23,OP-1033
2026-04-27-B,WC-05,B,2026-04-27 14:00:00,2026-04-27 22:00:00,100013,56,56,1,OP-1010
2026-04-27-B,WC-06,B,2026-04-27 14:00:00,2026-04-27 22:00:00,100013,48,48,4,OP-1020
2026-04-27-B,WC-07,B,2026-04-27 14:00:00,2026-04-27 22:00:00,100022,63,63,14,OP-1026
2026-04-27-B,WC-08,B,2026-04-27 14:00:00,2026-04-27 22:00:00,100022,58,58,37,OP-1033
2026-04-27-B,WC-09,B,2026-04-27 14:00:00,2026-04-27 22:00:00,100022,74,73,14,OP-1029
2026-04-27-C,WC-01,C,2026-04-27 22:00:00,2026-04-28 06:00:00,100004,55,53,17,OP-1008
2026-04-27-C,WC-02,C,2026-04-27 22:00:00,2026-04-28 06:00:00,100004,53,52,35,OP-1009
2026-04-27-C,WC-03,C,2026-04-27 22:00:00,2026-04-28 06:00:00,100004,56,55,45,OP-1010
2026-04-27-C,WC-04,C,2026-04-27 22:00:00,2026-04-28 06:00:00,100013,63,61,28,OP-1033
2026-04-27-C,WC-05,C,2026-04-27 22:00:00,2026-04-28 06:00:00,100013,60,59,13,OP-1012
2026-04-27-C,WC-06,C,2026-04-27 22:00:00,2026-04-28 06:00:00,100013,60,57,2,OP-1017
2026-04-27-C,WC-07,C,2026-04-27 22:00:00,2026-04-28 06:00:00,100022,57,57,0,OP-1023
2026-04-27-C,WC-08,C,2026-04-27 22:00:00,2026-04-28 06:00:00,100022,58,59,43,OP-1005
2026-04-27-C,WC-09,C,2026-04-27 22:00:00,2026-04-28 06:00:00,100022,59,56,0,OP-1035
2026-04-28-A,WC-01,A,2026-04-28 06:00:00,2026-04-28 14:00:00,100004,37,35,6,OP-1013
2026-04-28-A,WC-02,A,2026-04-28 06:00:00,2026-04-28 14:00:00,100004,65,63,25,OP-1032
2026-04-28-A,WC-03,A,2026-04-28 06:00:00,2026-04-28 14:00:00,100004,52,51,19,OP-1014
2026-04-28-A,WC-04,A,2026-04-28 06:00:00,2026-04-28 14:00:00,100013,68,67,44,OP-1002
2026-04-28-A,WC-05,A,2026-04-28 06:00:00,2026-04-28 14:00:00,100013,72,70,12,OP-1007
2026-04-28-A,WC-06,A,2026-04-28 06:00:00,2026-04-28 14:00:00,100013,49,47,9,OP-1032
2026-04-28-A,WC-07,A,2026-04-28 06:00:00,2026-04-28 14:00:00,100022,45,45,8,OP-1033
2026-04-28-A,WC-08,A,2026-04-28 06:00:00,2026-04-28 14:00:00,100022,65,62,28,OP-1009
2026-04-28-A,WC-09,A,2026-04-28 06:00:00,2026-04-28 14:00:00,100022,72,72,5,OP-1036
2026-04-28-B,WC-01,B,2026-04-28 14:00:00,2026-04-28 22:00:00,100004,64,63,26,OP-1025
2026-04-28-B,WC-02,B,2026-04-28 14:00:00,2026-04-28 22:00:00,100004,50,48,5,OP-1031
2026-04-28-B,WC-03,B,2026-04-28 14:00:00,2026-04-28 22:00:00,100004,57,57,40,OP-1009
2026-04-28-B,WC-04,B,2026-04-28 14:00:00,2026-04-28 22:00:00,100013,59,58,24,OP-1037
2026-04-28-B,WC-05,B,2026-04-28 14:00:00,2026-04-28 22:00:00,100013,65,64,10,OP-1009
2026-04-28-B,WC-06,B,2026-04-28 14:00:00,2026-04-28 22:00:00,100013,53,53,7,OP-1022
2026-04-28-B,WC-07,B,2026-04-28 14:00:00,2026-04-28 22:00:00,100022,60,57,11,OP-1012
2026-04-28-B,WC-08,B,2026-04-28 14:00:00,2026-04-28 22:00:00,100022,57,55,1,OP-1005
2026-04-28-B,WC-09,B,2026-04-28 14:00:00,2026-04-28 22:00:00,100022,64,64,4,OP-1022
2026-04-28-C,WC-01,C,2026-04-28 22:00:00,2026-04-29 06:00:00,100004,71,70,14,OP-1035
2026-04-28-C,WC-02,C,2026-04-28 22:00:00,2026-04-29 06:00:00,100004,70,67,35,OP-1031
2026-04-28-C,WC-03,C,2026-04-28 22:00:00,2026-04-29 06:00:00,100004,61,59,14,OP-1017
2026-04-28-C,WC-04,C,2026-04-28 22:00:00,2026-04-29 06:00:00,100013,56,54,29,OP-1001
2026-04-28-C,WC-05,C,2026-04-28 22:00:00,2026-04-29 06:00:00,100013,54,53,22,OP-1021
2026-04-28-C,WC-06,C,2026-04-28 22:00:00,2026-04-29 06:00:00,100013,56,53,15,OP-1011
2026-04-28-C,WC-07,C,2026-04-28 22:00:00,2026-04-29 06:00:00,100022,77,74,16,OP-1002
2026-04-28-C,WC-08,C,2026-04-28 22:00:00,2026-04-29 06:00:00,100022,51,50,13,OP-1005
2026-04-28-C,WC-09,C,2026-04-28 22:00:00,2026-04-29 06:00:00,100022,49,49,11,OP-1032
2026-04-29-A,WC-01,A,2026-04-29 06:00:00,2026-04-29 14:00:00,100005,74,73,26,OP-1026
2026-04-29-A,WC-02,A,2026-04-29 06:00:00,2026-04-29 14:00:00,100005,54,54,14,OP-1002
2026-04-29-A,WC-03,A,2026-04-29 06:00:00,2026-04-29 14:00:00,100005,60,59,44,OP-1011
2026-04-29-A,WC-04,A,2026-04-29 06:00:00,2026-04-29 14:00:00,100014,49,48,20,OP-1032
2026-04-29-A,WC-05,A,2026-04-29 06:00:00,2026-04-29 14:00:00,100014,56,57,25,OP-1034
2026-04-29-A,WC-06,A,2026-04-29 06:00:00,2026-04-29 14:00:00,100014,64,62,14,OP-1001
2026-04-29-A,WC-07,A,2026-04-29 06:00:00,2026-04-29 14:00:00,100023,63,61,7,OP-1000
2026-04-29-A,WC-08,A,2026-04-29 06:00:00,2026-04-29 14:00:00,100023,56,55,19,OP-1026
2026-04-29-A,WC-09,A,2026-04-29 06:00:00,2026-04-29 14:00:00,100023,50,49,41,OP-1014
2026-04-29-B,WC-01,B,2026-04-29 14:00:00,2026-04-29 22:00:00,100005,64,62,4,OP-1033
2026-04-29-B,WC-02,B,2026-04-29 14:00:00,2026-04-29 22:00:00,100005,74,75,1,OP-1005
2026-04-29-B,WC-03,B,2026-04-29 14:00:00,2026-04-29 22:00:00,100005,60,60,12,OP-1005
2026-04-29-B,WC-04,B,2026-04-29 14:00:00,2026-04-29 22:00:00,100014,53,52,31,OP-1034
2026-04-29-B,WC-05,B,2026-04-29 14:00:00,2026-04-29 22:00:00,100014,67,66,10,OP-1024
2026-04-29-B,WC-06,B,2026-04-29 14:00:00,2026-04-29 22:00:00,100014,58,57,45,OP-1021
2026-04-29-B,WC-07,B,2026-04-29 14:00:00,2026-04-29 22:00:00,100023,65,66,10,OP-1021
2026-04-29-B,WC-08,B,2026-04-29 14:00:00,2026-04-29 22:00:00,100023,55,56,43,OP-1031
2026-04-29-B,WC-09,B,2026-04-29 14:00:00,2026-04-29 22:00:00,100023,68,67,9,OP-1017
2026-04-29-C,WC-01,C,2026-04-29 22:00:00,2026-04-30 06:00:00,100005,58,59,17,OP-1039
2026-04-29-C,WC-02,C,2026-04-29 22:00:00,2026-04-30 06:00:00,100005,62,60,41,OP-1003
2026-04-29-C,WC-03,C,2026-04-29 22:00:00,2026-04-30 06:00:00,100005,49,49,44,OP-1036
2026-04-29-C,WC-04,C,2026-04-29 22:00:00,2026-04-30 06:00:00,100014,63,63,42,OP-1010
2026-04-29-C,WC-05,C,2026-04-29 22:00:00,2026-04-30 06:00:00,100014,59,57,1,OP-1005
2026-04-29-C,WC-06,C,2026-04-29 22:00:00,2026-04-30 06:00:00,100014,73,72,3,OP-1017
2026-04-29-C,WC-07,C,2026-04-29 22:00:00,2026-04-30 06:00:00,100023,46,46,3,OP-1002
2026-04-29-C,WC-08,C,2026-04-29 22:00:00,2026-04-30 06:00:00,100023,57,54,24,OP-1033
2026-04-29-C,WC-09,C,2026-04-29 22:00:00,2026-04-30 06:00:00,100023,67,68,8,OP-1011
2026-04-30-A,WC-01,A,2026-04-30 06:00:00,2026-04-30 14:00:00,100005,58,58,37,OP-1014
2026-04-30-A,WC-02,A,2026-04-30 06:00:00,2026-04-30 14:00:00,100005,71,69,25,OP-1012
2026-04-30-A,WC-03,A,2026-04-30 06:00:00,2026-04-30 14:00:00,100005,46,44,43,OP-1027
2026-04-30-A,WC-04,A,2026-04-30 06:00:00,2026-04-30 14:00:00,100014,63,60,15,OP-1015
2026-04-30-A,WC-05,A,2026-04-30 06:00:00,2026-04-30 14:00:00,100014,48,47,29,OP-1014
2026-04-30-A,WC-06,A,2026-04-30 06:00:00,2026-04-30 14:00:00,100014,52,51,4,OP-1028
2026-04-30-A,WC-07,A,2026-04-30 06:00:00,2026-04-30 14:00:00,100023,47,45,24,OP-1037
2026-04-30-A,WC-08,A,2026-04-30 06:00:00,2026-04-30 14:00:00,100023,68,65,25,OP-1016
2026-04-30-A,WC-09,A,2026-04-30 06:00:00,2026-04-30 14:00:00,100023,59,58,41,OP-1030
2026-04-30-B,WC-01,B,2026-04-30 14:00:00,2026-04-30 22:00:00,100005,74,72,4,OP-1037
2026-04-30-B,WC-02,B,2026-04-30 14:00:00,2026-04-30 22:00:00,100005,52,51,4,OP-1033
2026-04-30-B,WC-03,B,2026-04-30 14:00:00,2026-04-30 22:00:00,100005,55,55,16,OP-1027
2026-04-30-B,WC-04,B,2026-04-30 14:00:00,2026-04-30 22:00:00,100014,75,75,8,OP-1029
2026-04-30-B,WC-05,B,2026-04-30 14:00:00,2026-04-30 22:00:00,100014,51,51,25,OP-1035
2026-04-30-B,WC-06,B,2026-04-30 14:00:00,2026-04-30 22:00:00,100014,71,71,39,OP-1027
2026-04-30-B,WC-07,B,2026-04-30 14:00:00,2026-04-30 22:00:00,100023,71,69,17,OP-1021
2026-04-30-B,WC-08,B,2026-04-30 14:00:00,2026-04-30 22:00:00,100023,60,60,37,OP-1010
2026-04-30-B,WC-09,B,2026-04-30 14:00:00,2026-04-30 22:00:00,100023,45,44,18,OP-1014
2026-04-30-C,WC-01,C,2026-04-30 22:00:00,2026-05-01 06:00:00,100005,46,43,9,OP-1015
2026-04-30-C,WC-02,C,2026-04-30 22:00:00,2026-05-01 06:00:00,100005,50,49,33,OP-1001
2026-04-30-C,WC-03,C,2026-04-30 22:00:00,2026-05-01 06:00:00,100005,55,54,4,OP-1014
2026-04-30-C,WC-04,C,2026-04-30 22:00:00,2026-05-01 06:00:00,100014,66,65,9,OP-1013
2026-04-30-C,WC-05,C,2026-04-30 22:00:00,2026-05-01 06:00:00,100014,46,43,31,OP-1037
2026-04-30-C,WC-06,C,2026-04-30 22:00:00,2026-05-01 06:00:00,100014,71,70,34,OP-1020
2026-04-30-C,WC-07,C,2026-04-30 22:00:00,2026-05-01 06:00:00,100023,49,48,2,OP-1019
2026-04-30-C,WC-08,C,2026-04-30 22:00:00,2026-05-01 06:00:00,100023,71,69,35,OP-1004
2026-04-30-C,WC-09,C,2026-04-30 22:00:00,2026-05-01 06:00:00,100023,60,58,21,OP-1006
2026-05-01-A,WC-01,A,2026-05-01 06:00:00,2026-05-01 14:00:00,100005,59,58,26,OP-1000
2026-05-01-A,WC-02,A,2026-05-01 06:00:00,2026-05-01 14:00:00,100005,54,52,2,OP-1005
2026-05-01-A,WC-03,A,2026-05-01 06:00:00,2026-05-01 14:00:00,100005,51,50,16,OP-1006
2026-05-01-A,WC-04,A,2026-05-01 06:00:00,2026-05-01 14:00:00,100014,60,59,32,OP-1037
2026-05-01-A,WC-05,A,2026-05-01 06:00:00,2026-05-01 14:00:00,100014,60,60,33,OP-1028
2026-05-01-A,WC-06,A,2026-05-01 06:00:00,2026-05-01 14:00:00,100014,68,68,18,OP-1019
2026-05-01-A,WC-07,A,2026-05-01 06:00:00,2026-05-01 14:00:00,100023,58,59,7,OP-1009
2026-05-01-A,WC-08,A,2026-05-01 06:00:00,2026-05-01 14:00:00,100023,53,52,35,OP-1039
2026-05-01-A,WC-09,A,2026-05-01 06:00:00,2026-05-01 14:00:00,100023,54,53,32,OP-1014
2026-05-01-B,WC-01,B,2026-05-01 14:00:00,2026-05-01 22:00:00,100005,59,60,7,OP-1014
2026-05-01-B,WC-02,B,2026-05-01 14:00:00,2026-05-01 22:00:00,100005,77,77,2,OP-1030
2026-05-01-B,WC-03,B,2026-05-01 14:00:00,2026-05-01 22:00:00,100005,54,53,45,OP-1000
2026-05-01-B,WC-04,B,2026-05-01 14:00:00,2026-05-01 22:00:00,100014,54,53,19,OP-1009
2026-05-01-B,WC-05,B,2026-05-01 14:00:00,2026-05-01 22:00:00,100014,65,63,20,OP-1009
2026-05-01-B,WC-06,B,2026-05-01 14:00:00,2026-05-01 22:00:00,100014,67,67,39,OP-1018
2026-05-01-B,WC-07,B,2026-05-01 14:00:00,2026-05-01 22:00:00,100023,85,83,41,OP-1015
2026-05-01-B,WC-08,B,2026-05-01 14:00:00,2026-05-01 22:00:00,100023,54,54,26,OP-1006
2026-05-01-B,WC-09,B,2026-05-01 14:00:00,2026-05-01 22:00:00,100023,56,55,11,OP-1034
2026-05-01-C,WC-01,C,2026-05-01 22:00:00,2026-05-02 06:00:00,100005,48,47,26,OP-1012
2026-05-01-C,WC-02,C,2026-05-01 22:00:00,2026-05-02 06:00:00,100005,65,64,32,OP-1039
2026-05-01-C,WC-03,C,2026-05-01 22:00:00,2026-05-02 06:00:00,100005,55,53,5,OP-1031
2026-05-01-C,WC-04,C,2026-05-01 22:00:00,2026-05-02 06:00:00,100014,69,69,23,OP-1021
2026-05-01-C,WC-05,C,2026-05-01 22:00:00,2026-05-02 06:00:00,100014,67,67,22,OP-1035
2026-05-01-C,WC-06,C,2026-05-01 22:00:00,2026-05-02 06:00:00,100014,57,56,5,OP-1013
2026-05-01-C,WC-07,C,2026-05-01 22:00:00,2026-05-02 06:00:00,100023,62,61,0,OP-1031
2026-05-01-C,WC-08,C,2026-05-01 22:00:00,2026-05-02 06:00:00,100023,56,55,27,OP-1018
2026-05-01-C,WC-09,C,2026-05-01 22:00:00,2026-05-02 06:00:00,100023,65,63,9,OP-1008
2026-05-02-A,WC-01,A,2026-05-02 06:00:00,2026-05-02 14:00:00,100005,53,51,28,OP-1001
2026-05-02-A,WC-02,A,2026-05-02 06:00:00,2026-05-02 14:00:00,100005,55,54,10,OP-1006
2026-05-02-A,WC-03,A,2026-05-02 06:00:00,2026-05-02 14:00:00,100005,51,50,18,OP-1007
2026-05-02-A,WC-04,A,2026-05-02 06:00:00,2026-05-02 14:00:00,100014,61,61,30,OP-1022
2026-05-02-A,WC-05,A,2026-05-02 06:00:00,2026-05-02 14:00:00,100014,63,62,0,OP-1016
2026-05-02-A,WC-06,A,2026-05-02 06:00:00,2026-05-02 14:00:00,100014,74,72,9,OP-1005
2026-05-02-A,WC-07,A,2026-05-02 06:00:00,2026-05-02 14:00:00,100023,50,49,29,OP-1011
2026-05-02-A,WC-08,A,2026-05-02 06:00:00,2026-05-02 14:00:00,100023,72,70,14,OP-1032
2026-05-02-A,WC-09,A,2026-05-02 06:00:00,2026-05-02 14:00:00,100023,56,56,25,OP-1005
2026-05-02-B,WC-01,B,2026-05-02 14:00:00,2026-05-02 22:00:00,100005,55,55,21,OP-1016
2026-05-02-B,WC-02,B,2026-05-02 14:00:00,2026-05-02 22:00:00,100005,57,55,39,OP-1021
2026-05-02-B,WC-03,B,2026-05-02 14:00:00,2026-05-02 22:00:00,100005,48,47,29,OP-1007
2026-05-02-B,WC-04,B,2026-05-02 14:00:00,2026-05-02 22:00:00,100014,62,61,7,OP-1027
2026-05-02-B,WC-05,B,2026-05-02 14:00:00,2026-05-02 22:00:00,100014,48,49,21,OP-1034
2026-05-02-B,WC-06,B,2026-05-02 14:00:00,2026-05-02 22:00:00,100014,52,49,31,OP-1003
2026-05-02-B,WC-07,B,2026-05-02 14:00:00,2026-05-02 22:00:00,100023,82,82,4,OP-1007
2026-05-02-B,WC-08,B,2026-05-02 14:00:00,2026-05-02 22:00:00,100023,50,48,31,OP-1010
2026-05-02-B,WC-09,B,2026-05-02 14:00:00,2026-05-02 22:00:00,100023,62,61,24,OP-1036
2026-05-02-C,WC-01,C,2026-05-02 22:00:00,2026-05-03 06:00:00,100005,75,74,18,OP-1026
2026-05-02-C,WC-02,C,2026-05-02 22:00:00,2026-05-03 06:00:00,100005,44,45,18,OP-1017
2026-05-02-C,WC-03,C,2026-05-02 22:00:00,2026-05-03 06:00:00,100005,57,54,25,OP-1027
2026-05-02-C,WC-04,C,2026-05-02 22:00:00,2026-05-03 06:00:00,100014,83,80,12,OP-1015
2026-05-02-C,WC-05,C,2026-05-02 22:00:00,2026-05-03 06:00:00,100014,76,77,3,OP-1037
2026-05-02-C,WC-06,C,2026-05-02 22:00:00,2026-05-03 06:00:00,100014,60,58,7,OP-1008
2026-05-02-C,WC-07,C,2026-05-02 22:00:00,2026-05-03 06:00:00,100023,59,60,42,OP-1028
2026-05-02-C,WC-08,C,2026-05-02 22:00:00,2026-05-03 06:00:00,100023,65,64,22,OP-1037
2026-05-02-C,WC-09,C,2026-05-02 22:00:00,2026-05-03 06:00:00,100023,64,61,41,OP-1010
2026-05-03-A,WC-01,A,2026-05-03 06:00:00,2026-05-03 14:00:00,100005,69,69,16,OP-1034
2026-05-03-A,WC-02,A,2026-05-03 06:00:00,2026-05-03 14:00:00,100005,57,56,28,OP-1034
2026-05-03-A,WC-03,A,2026-05-03 06:00:00,2026-05-03 14:00:00,100005,72,69,10,OP-1019
2026-05-03-A,WC-04,A,2026-05-03 06:00:00,2026-05-03 14:00:00,100014,66,66,37,OP-1012
2026-05-03-A,WC-05,A,2026-05-03 06:00:00,2026-05-03 14:00:00,100014,64,63,37,OP-1013
2026-05-03-A,WC-06,A,2026-05-03 06:00:00,2026-05-03 14:00:00,100014,55,52,23,OP-1015
2026-05-03-A,WC-07,A,2026-05-03 06:00:00,2026-05-03 14:00:00,100023,69,67,1,OP-1013
2026-05-03-A,WC-08,A,2026-05-03 06:00:00,2026-05-03 14:00:00,100023,53,51,27,OP-1017
2026-05-03-A,WC-09,A,2026-05-03 06:00:00,2026-05-03 14:00:00,100023,57,56,21,OP-1000
2026-05-03-B,WC-01,B,2026-05-03 14:00:00,2026-05-03 22:00:00,100005,50,50,31,OP-1027
2026-05-03-B,WC-02,B,2026-05-03 14:00:00,2026-05-03 22:00:00,100005,60,59,29,OP-1038
2026-05-03-B,WC-03,B,2026-05-03 14:00:00,2026-05-03 22:00:00,100005,58,57,3,OP-1035
2026-05-03-B,WC-04,B,2026-05-03 14:00:00,2026-05-03 22:00:00,100014,65,64,0,OP-1010
2026-05-03-B,WC-05,B,2026-05-03 14:00:00,2026-05-03 22:00:00,100014,58,58,8,OP-1031
2026-05-03-B,WC-06,B,2026-05-03 14:00:00,2026-05-03 22:00:00,100014,55,54,4,OP-1029
2026-05-03-B,WC-07,B,2026-05-03 14:00:00,2026-05-03 22:00:00,100023,69,67,25,OP-1039
2026-05-03-B,WC-08,B,2026-05-03 14:00:00,2026-05-03 22:00:00,100023,45,45,12,OP-1026
2026-05-03-B,WC-09,B,2026-05-03 14:00:00,2026-05-03 22:00:00,100023,67,65,17,OP-1021
2026-05-03-C,WC-01,C,2026-05-03 22:00:00,2026-05-04 06:00:00,100005,74,73,44,OP-1021
2026-05-03-C,WC-02,C,2026-05-03 22:00:00,2026-05-04 06:00:00,100005,50,50,18,OP-1022
2026-05-03-C,WC-03,C,2026-05-03 22:00:00,2026-05-04 06:00:00,100005,54,53,6,OP-1031
2026-05-03-C,WC-04,C,2026-05-03 22:00:00,2026-05-04 06:00:00,100014,67,64,24,OP-1008
2026-05-03-C,WC-05,C,2026-05-03 22:00:00,2026-05-04 06:00:00,100014,65,64,10,OP-1034
2026-05-03-C,WC-06,C,2026-05-03 22:00:00,2026-05-04 06:00:00,100014,50,47,3,OP-1019
2026-05-03-C,WC-07,C,2026-05-03 22:00:00,2026-05-04 06:00:00,100023,57,56,14,OP-1037
2026-05-03-C,WC-08,C,2026-05-03 22:00:00,2026-05-04 06:00:00,100023,53,52,42,OP-1031
2026-05-03-C,WC-09,C,2026-05-03 22:00:00,2026-05-04 06:00:00,100023,74,72,31,OP-1024
2026-05-04-A,WC-01,A,2026-05-04 06:00:00,2026-05-04 14:00:00,100005,73,72,32,OP-1024
2026-05-04-A,WC-02,A,2026-05-04 06:00:00,2026-05-04 14:00:00,100005,52,50,4,OP-1003
2026-05-04-A,WC-03,A,2026-05-04 06:00:00,2026-05-04 14:00:00,100005,57,58,36,OP-1015
2026-05-04-A,WC-04,A,2026-05-04 06:00:00,2026-05-04 14:00:00,100014,59,59,31,OP-1028
2026-05-04-A,WC-05,A,2026-05-04 06:00:00,2026-05-04 14:00:00,100014,65,63,13,OP-1013
2026-05-04-A,WC-06,A,2026-05-04 06:00:00,2026-05-04 14:00:00,100014,65,63,19,OP-1021
2026-05-04-A,WC-07,A,2026-05-04 06:00:00,2026-05-04 14:00:00,100023,60,58,5,OP-1013
2026-05-04-A,WC-08,A,2026-05-04 06:00:00,2026-05-04 14:00:00,100023,55,55,20,OP-1004
2026-05-04-A,WC-09,A,2026-05-04 06:00:00,2026-05-04 14:00:00,100023,53,53,21,OP-1002
2026-05-04-B,WC-01,B,2026-05-04 14:00:00,2026-05-04 22:00:00,100005,68,68,44,OP-1023
2026-05-04-B,WC-02,B,2026-05-04 14:00:00,2026-05-04 22:00:00,100005,49,48,13,OP-1036
2026-05-04-B,WC-03,B,2026-05-04 14:00:00,2026-05-04 22:00:00,100005,59,56,4,OP-1003
2026-05-04-B,WC-04,B,2026-05-04 14:00:00,2026-05-04 22:00:00,100014,73,71,23,OP-1033
2026-05-04-B,WC-05,B,2026-05-04 14:00:00,2026-05-04 22:00:00,100014,49,50,14,OP-1035
2026-05-04-B,WC-07,B,2026-05-04 14:00:00,2026-05-04 22:00:00,100023,66,64,43,OP-1036
2026-05-04-B,WC-08,B,2026-05-04 14:00:00,2026-05-04 22:00:00,100023,60,60,45,OP-1004
2026-05-04-B,WC-09,B,2026-05-04 14:00:00,2026-05-04 22:00:00,100023,48,47,6,OP-1013
2026-05-04-C,WC-01,C,2026-05-04 22:00:00,2026-05-05 06:00:00,100005,57,55,35,OP-1000
2026-05-04-C,WC-02,C,2026-05-04 22:00:00,2026-05-05 06:00:00,100005,59,56,28,OP-1025
2026-05-04-C,WC-03,C,2026-05-04 22:00:00,2026-05-05 06:00:00,100005,62,60,1,OP-1023
2026-05-04-C,WC-04,C,2026-05-04 22:00:00,2026-05-05 06:00:00,100014,51,50,34,OP-1035
2026-05-04-C,WC-05,C,2026-05-04 22:00:00,2026-05-05 06:00:00,100014,60,58,20,OP-1010
2026-05-04-C,WC-06,C,2026-05-04 22:00:00,2026-05-05 06:00:00,100014,63,62,40,OP-1018
2026-05-04-C,WC-07,C,2026-05-04 22:00:00,2026-05-05 06:00:00,100023,59,58,7,OP-1012
2026-05-04-C,WC-08,C,2026-05-04 22:00:00,2026-05-05 06:00:00,100023,56,56,45,OP-1014
2026-05-04-C,WC-09,C,2026-05-04 22:00:00,2026-05-05 06:00:00,100023,61,60,44,OP-1012
2026-05-05-A,WC-01,A,2026-05-05 06:00:00,2026-05-05 14:00:00,100005,59,59,42,OP-1032
2026-05-05-A,WC-02,A,2026-05-05 06:00:00,2026-05-05 14:00:00,100005,62,62,8,OP-1034
2026-05-05-A,WC-03,A,2026-05-05 06:00:00,2026-05-05 14:00:00,100005,54,54,3,OP-1027
2026-05-05-A,WC-04,A,2026-05-05 06:00:00,2026-05-05 14:00:00,100014,66,66,25,OP-1021
2026-05-05-A,WC-05,A,2026-05-05 06:00:00,2026-05-05 14:00:00,100014,63,62,36,OP-1039
2026-05-05-A,WC-06,A,2026-05-05 06:00:00,2026-05-05 14:00:00,100014,62,62,21,OP-1002
2026-05-05-A,WC-07,A,2026-05-05 06:00:00,2026-05-05 14:00:00,100023,44,44,24,OP-1030
2026-05-05-A,WC-08,A,2026-05-05 06:00:00,2026-05-05 14:00:00,100023,68,66,20,OP-1039
2026-05-05-A,WC-09,A,2026-05-05 06:00:00,2026-05-05 14:00:00,100023,49,46,32,OP-1002
2026-05-05-B,WC-01,B,2026-05-05 14:00:00,2026-05-05 22:00:00,100005,46,45,40,OP-1026
2026-05-05-B,WC-02,B,2026-05-05 14:00:00,2026-05-05 22:00:00,100005,66,64,43,OP-1004
2026-05-05-B,WC-03,B,2026-05-05 14:00:00,2026-05-05 22:00:00,100005,70,70,15,OP-1022
2026-05-05-B,WC-04,B,2026-05-05 14:00:00,2026-05-05 22:00:00,100014,65,63,13,OP-1020
2026-05-05-B,WC-05,B,2026-05-05 14:00:00,2026-05-05 22:00:00,100014,71,70,29,OP-1032
2026-05-05-B,WC-07,B,2026-05-05 14:00:00,2026-05-05 22:00:00,100023,56,53,44,OP-1026
2026-05-05-B,WC-08,B,2026-05-05 14:00:00,2026-05-05 22:00:00,100023,70,69,6,OP-1033
2026-05-05-B,WC-09,B,2026-05-05 14:00:00,2026-05-05 22:00:00,100023,59,56,44,OP-1026
2026-05-05-C,WC-01,C,2026-05-05 22:00:00,2026-05-06 06:00:00,100005,59,59,13,OP-1010
2026-05-05-C,WC-02,C,2026-05-05 22:00:00,2026-05-06 06:00:00,100005,42,41,3,OP-1039
2026-05-05-C,WC-03,C,2026-05-05 22:00:00,2026-05-06 06:00:00,100005,55,54,29,OP-1016
2026-05-05-C,WC-04,C,2026-05-05 22:00:00,2026-05-06 06:00:00,100014,67,66,21,OP-1035
2026-05-05-C,WC-05,C,2026-05-05 22:00:00,2026-05-06 06:00:00,100014,44,43,33,OP-1016
2026-05-05-C,WC-06,C,2026-05-05 22:00:00,2026-05-06 06:00:00,100014,52,51,43,OP-1020
2026-05-05-C,WC-07,C,2026-05-05 22:00:00,2026-05-06 06:00:00,100023,41,40,4,OP-1020
2026-05-05-C,WC-08,C,2026-05-05 22:00:00,2026-05-06 06:00:00,100023,65,63,10,OP-1017
2026-05-05-C,WC-09,C,2026-05-05 22:00:00,2026-05-06 06:00:00,100023,49,49,42,OP-1011
2026-05-06-A,WC-01,A,2026-05-06 06:00:00,2026-05-06 14:00:00,100006,59,59,18,OP-1029
2026-05-06-A,WC-02,A,2026-05-06 06:00:00,2026-05-06 14:00:00,100006,50,49,37,OP-1009
2026-05-06-A,WC-03,A,2026-05-06 06:00:00,2026-05-06 14:00:00,100006,62,62,16,OP-1039
2026-05-06-A,WC-04,A,2026-05-06 06:00:00,2026-05-06 14:00:00,100015,63,61,42,OP-1036
2026-05-06-A,WC-05,A,2026-05-06 06:00:00,2026-05-06 14:00:00,100015,65,64,14,OP-1010
2026-05-06-A,WC-06,A,2026-05-06 06:00:00,2026-05-06 14:00:00,100015,54,53,4,OP-1029
2026-05-06-A,WC-07,A,2026-05-06 06:00:00,2026-05-06 14:00:00,100024,58,57,2,OP-1036
2026-05-06-A,WC-08,A,2026-05-06 06:00:00,2026-05-06 14:00:00,100024,63,62,32,OP-1018
2026-05-06-A,WC-09,A,2026-05-06 06:00:00,2026-05-06 14:00:00,100024,50,50,27,OP-1001
2026-05-06-B,WC-01,B,2026-05-06 14:00:00,2026-05-06 22:00:00,100006,71,71,37,OP-1017
2026-05-06-B,WC-02,B,2026-05-06 14:00:00,2026-05-06 22:00:00,100006,56,56,1,OP-1009
2026-05-06-B,WC-03,B,2026-05-06 14:00:00,2026-05-06 22:00:00,100006,46,45,14,OP-1032
2026-05-06-B,WC-04,B,2026-05-06 14:00:00,2026-05-06 22:00:00,100015,72,70,22,OP-1034
2026-05-06-B,WC-05,B,2026-05-06 14:00:00,2026-05-06 22:00:00,100015,43,14,36,OP-1026
2026-05-06-B,WC-07,B,2026-05-06 14:00:00,2026-05-06 22:00:00,100024,48,47,23,OP-1027
2026-05-06-B,WC-08,B,2026-05-06 14:00:00,2026-05-06 22:00:00,100024,73,70,12,OP-1028
2026-05-06-B,WC-09,B,2026-05-06 14:00:00,2026-05-06 22:00:00,100024,56,53,6,OP-1017
2026-05-06-C,WC-01,C,2026-05-06 22:00:00,2026-05-07 06:00:00,100006,56,55,40,OP-1014
2026-05-06-C,WC-02,C,2026-05-06 22:00:00,2026-05-07 06:00:00,100006,59,58,29,OP-1010
2026-05-06-C,WC-03,C,2026-05-06 22:00:00,2026-05-07 06:00:00,100006,69,68,45,OP-1019
2026-05-06-C,WC-04,C,2026-05-06 22:00:00,2026-05-07 06:00:00,100015,71,69,18,OP-1022
2026-05-06-C,WC-05,C,2026-05-06 22:00:00,2026-05-07 06:00:00,100015,52,51,4,OP-1001
2026-05-06-C,WC-06,C,2026-05-06 22:00:00,2026-05-07 06:00:00,100015,69,67,44,OP-1006
2026-05-06-C,WC-07,C,2026-05-06 22:00:00,2026-05-07 06:00:00,100024,64,63,14,OP-1000
2026-05-06-C,WC-08,C,2026-05-06 22:00:00,2026-05-07 06:00:00,100024,67,67,7,OP-1029
2026-05-06-C,WC-09,C,2026-05-06 22:00:00,2026-05-07 06:00:00,100024,60,61,12,OP-1038
2026-05-07-A,WC-01,A,2026-05-07 06:00:00,2026-05-07 14:00:00,100006,55,54,33,OP-1002
2026-05-07-A,WC-02,A,2026-05-07 06:00:00,2026-05-07 14:00:00,100006,63,60,41,OP-1033
2026-05-07-A,WC-03,A,2026-05-07 06:00:00,2026-05-07 14:00:00,100006,54,54,39,OP-1008
2026-05-07-A,WC-04,A,2026-05-07 06:00:00,2026-05-07 14:00:00,100015,56,55,44,OP-1013
2026-05-07-A,WC-05,A,2026-05-07 06:00:00,2026-05-07 14:00:00,100015,57,55,7,OP-1029
2026-05-07-A,WC-06,A,2026-05-07 06:00:00,2026-05-07 14:00:00,100015,59,56,10,OP-1028
2026-05-07-A,WC-07,A,2026-05-07 06:00:00,2026-05-07 14:00:00,100024,56,54,9,OP-1037
2026-05-07-A,WC-08,A,2026-05-07 06:00:00,2026-05-07 14:00:00,100024,61,59,21,OP-1022
2026-05-07-A,WC-09,A,2026-05-07 06:00:00,2026-05-07 14:00:00,100024,60,59,20,OP-1008
2026-05-07-B,WC-01,B,2026-05-07 14:00:00,2026-05-07 22:00:00,100006,62,61,23,OP-1024
2026-05-07-B,WC-02,B,2026-05-07 14:00:00,2026-05-07 22:00:00,100006,64,64,18,OP-1032
2026-05-07-B,WC-03,B,2026-05-07 14:00:00,2026-05-07 22:00:00,100006,61,60,14,OP-1035
2026-05-07-B,WC-04,B,2026-05-07 14:00:00,2026-05-07 22:00:00,100015,70,70,20,OP-1028
2026-05-07-B,WC-05,B,2026-05-07 14:00:00,2026-05-07 22:00:00,100015,66,65,37,OP-1027
2026-05-07-B,WC-06,B,2026-05-07 14:00:00,2026-05-07 22:00:00,100015,80,78,8,OP-1038
2026-05-07-B,WC-07,B,2026-05-07 14:00:00,2026-05-07 22:00:00,100024,49,49,34,OP-1034
2026-05-07-B,WC-08,B,2026-05-07 14:00:00,2026-05-07 22:00:00,100024,69,69,23,OP-1010
2026-05-07-B,WC-09,B,2026-05-07 14:00:00,2026-05-07 22:00:00,100024,64,62,21,OP-1002
2026-05-07-C,WC-01,C,2026-05-07 22:00:00,2026-05-08 06:00:00,100006,66,66,2,OP-1031
2026-05-07-C,WC-02,C,2026-05-07 22:00:00,2026-05-08 06:00:00,100006,57,55,22,OP-1003
2026-05-07-C,WC-03,C,2026-05-07 22:00:00,2026-05-08 06:00:00,100006,51,49,42,OP-1024
2026-05-07-C,WC-04,C,2026-05-07 22:00:00,2026-05-08 06:00:00,100015,59,59,19,OP-1005
2026-05-07-C,WC-05,C,2026-05-07 22:00:00,2026-05-08 06:00:00,100015,56,54,42,OP-1000
2026-05-07-C,WC-06,C,2026-05-07 22:00:00,2026-05-08 06:00:00,100015,65,65,33,OP-1021
2026-05-07-C,WC-07,C,2026-05-07 22:00:00,2026-05-08 06:00:00,100024,50,47,40,OP-1015
2026-05-07-C,WC-08,C,2026-05-07 22:00:00,2026-05-08 06:00:00,100024,63,63,2,OP-1016
2026-05-07-C,WC-09,C,2026-05-07 22:00:00,2026-05-08 06:00:00,100024,53,54,4,OP-1007
2026-05-08-A,WC-01,A,2026-05-08 06:00:00,2026-05-08 14:00:00,100006,42,41,36,OP-1025
2026-05-08-A,WC-02,A,2026-05-08 06:00:00,2026-05-08 14:00:00,100006,66,65,21,OP-1012
2026-05-08-A,WC-03,A,2026-05-08 06:00:00,2026-05-08 14:00:00,100006,54,52,29,OP-1019
2026-05-08-A,WC-04,A,2026-05-08 06:00:00,2026-05-08 14:00:00,100015,63,61,8,OP-1023
2026-05-08-A,WC-05,A,2026-05-08 06:00:00,2026-05-08 14:00:00,100015,54,52,28,OP-1000
2026-05-08-A,WC-06,A,2026-05-08 06:00:00,2026-05-08 14:00:00,100015,69,67,27,OP-1003
2026-05-08-A,WC-07,A,2026-05-08 06:00:00,2026-05-08 14:00:00,100024,55,55,7,OP-1018
2026-05-08-A,WC-08,A,2026-05-08 06:00:00,2026-05-08 14:00:00,100024,62,60,37,OP-1019
2026-05-08-A,WC-09,A,2026-05-08 06:00:00,2026-05-08 14:00:00,100024,56,56,8,OP-1024
2026-05-08-B,WC-01,B,2026-05-08 14:00:00,2026-05-08 22:00:00,100006,59,58,32,OP-1039
2026-05-08-B,WC-02,B,2026-05-08 14:00:00,2026-05-08 22:00:00,100006,59,56,19,OP-1015
2026-05-08-B,WC-03,B,2026-05-08 14:00:00,2026-05-08 22:00:00,100006,58,57,25,OP-1017
2026-05-08-B,WC-04,B,2026-05-08 14:00:00,2026-05-08 22:00:00,100015,58,56,18,OP-1034
2026-05-08-B,WC-05,B,2026-05-08 14:00:00,2026-05-08 22:00:00,100015,71,70,18,OP-1033
2026-05-08-B,WC-06,B,2026-05-08 14:00:00,2026-05-08 22:00:00,100015,69,68,9,OP-1001
2026-05-08-B,WC-07,B,2026-05-08 14:00:00,2026-05-08 22:00:00,100024,57,55,12,OP-1008
2026-05-08-B,WC-08,B,2026-05-08 14:00:00,2026-05-08 22:00:00,100024,75,74,16,OP-1012
2026-05-08-B,WC-09,B,2026-05-08 14:00:00,2026-05-08 22:00:00,100024,64,62,38,OP-1006
2026-05-08-C,WC-01,C,2026-05-08 22:00:00,2026-05-09 06:00:00,100006,72,70,25,OP-1020
2026-05-08-C,WC-02,C,2026-05-08 22:00:00,2026-05-09 06:00:00,100006,61,60,12,OP-1003
2026-05-08-C,WC-03,C,2026-05-08 22:00:00,2026-05-09 06:00:00,100006,53,52,11,OP-1030
2026-05-08-C,WC-04,C,2026-05-08 22:00:00,2026-05-09 06:00:00,100015,70,69,19,OP-1026
2026-05-08-C,WC-05,C,2026-05-08 22:00:00,2026-05-09 06:00:00,100015,67,68,6,OP-1011
2026-05-08-C,WC-06,C,2026-05-08 22:00:00,2026-05-09 06:00:00,100015,53,51,14,OP-1023
2026-05-08-C,WC-07,C,2026-05-08 22:00:00,2026-05-09 06:00:00,100024,75,76,3,OP-1018
2026-05-08-C,WC-08,C,2026-05-08 22:00:00,2026-05-09 06:00:00,100024,64,64,27,OP-1000
2026-05-08-C,WC-09,C,2026-05-08 22:00:00,2026-05-09 06:00:00,100024,64,61,13,OP-1029
2026-05-09-A,WC-01,A,2026-05-09 06:00:00,2026-05-09 14:00:00,100006,70,69,10,OP-1038
2026-05-09-A,WC-02,A,2026-05-09 06:00:00,2026-05-09 14:00:00,100006,59,59,12,OP-1006
2026-05-09-A,WC-03,A,2026-05-09 06:00:00,2026-05-09 14:00:00,100006,46,47,37,OP-1001
2026-05-09-A,WC-04,A,2026-05-09 06:00:00,2026-05-09 14:00:00,100015,74,73,44,OP-1033
2026-05-09-A,WC-05,A,2026-05-09 06:00:00,2026-05-09 14:00:00,100015,53,53,38,OP-1009
2026-05-09-A,WC-06,A,2026-05-09 06:00:00,2026-05-09 14:00:00,100015,62,62,30,OP-1023
2026-05-09-A,WC-07,A,2026-05-09 06:00:00,2026-05-09 14:00:00,100024,60,59,10,OP-1011
2026-05-09-A,WC-08,A,2026-05-09 06:00:00,2026-05-09 14:00:00,100024,48,46,27,OP-1032
2026-05-09-A,WC-09,A,2026-05-09 06:00:00,2026-05-09 14:00:00,100024,68,66,18,OP-1008
2026-05-09-B,WC-01,B,2026-05-09 14:00:00,2026-05-09 22:00:00,100006,57,54,25,OP-1011
2026-05-09-B,WC-02,B,2026-05-09 14:00:00,2026-05-09 22:00:00,100006,75,73,36,OP-1023
2026-05-09-B,WC-03,B,2026-05-09 14:00:00,2026-05-09 22:00:00,100006,68,68,26,OP-1003
2026-05-09-B,WC-04,B,2026-05-09 14:00:00,2026-05-09 22:00:00,100015,61,59,34,OP-1001
2026-05-09-B,WC-05,B,2026-05-09 14:00:00,2026-05-09 22:00:00,100015,59,57,21,OP-1018
2026-05-09-B,WC-06,B,2026-05-09 14:00:00,2026-05-09 22:00:00,100015,63,64,18,OP-1006
2026-05-09-B,WC-07,B,2026-05-09 14:00:00,2026-05-09 22:00:00,100024,50,50,29,OP-1019
2026-05-09-B,WC-08,B,2026-05-09 14:00:00,2026-05-09 22:00:00,100024,55,55,19,OP-1025
2026-05-09-B,WC-09,B,2026-05-09 14:00:00,2026-05-09 22:00:00,100024,48,47,18,OP-1034
2026-05-09-C,WC-01,C,2026-05-09 22:00:00,2026-05-10 06:00:00,100006,60,58,7,OP-1026
2026-05-09-C,WC-02,C,2026-05-09 22:00:00,2026-05-10 06:00:00,100006,49,49,22,OP-1031
2026-05-09-C,WC-03,C,2026-05-09 22:00:00,2026-05-10 06:00:00,100006,69,69,17,OP-1000
2026-05-09-C,WC-04,C,2026-05-09 22:00:00,2026-05-10 06:00:00,100015,65,63,36,OP-1002
2026-05-09-C,WC-05,C,2026-05-09 22:00:00,2026-05-10 06:00:00,100015,66,65,21,OP-1035
2026-05-09-C,WC-06,C,2026-05-09 22:00:00,2026-05-10 06:00:00,100015,66,67,22,OP-1017
2026-05-09-C,WC-07,C,2026-05-09 22:00:00,2026-05-10 06:00:00,100024,65,62,1,OP-1019
2026-05-09-C,WC-08,C,2026-05-09 22:00:00,2026-05-10 06:00:00,100024,69,69,25,OP-1007
2026-05-09-C,WC-09,C,2026-05-09 22:00:00,2026-05-10 06:00:00,100024,67,64,42,OP-1029
2026-05-10-A,WC-01,A,2026-05-10 06:00:00,2026-05-10 14:00:00,100006,66,65,9,OP-1028
2026-05-10-A,WC-02,A,2026-05-10 06:00:00,2026-05-10 14:00:00,100006,66,64,12,OP-1005
2026-05-10-A,WC-03,A,2026-05-10 06:00:00,2026-05-10 14:00:00,100006,46,45,29,OP-1029
2026-05-10-A,WC-04,A,2026-05-10 06:00:00,2026-05-10 14:00:00,100015,50,50,4,OP-1024
2026-05-10-A,WC-05,A,2026-05-10 06:00:00,2026-05-10 14:00:00,100015,55,53,35,OP-1003
2026-05-10-A,WC-06,A,2026-05-10 06:00:00,2026-05-10 14:00:00,100015,70,69,34,OP-1006
2026-05-10-A,WC-07,A,2026-05-10 06:00:00,2026-05-10 14:00:00,100024,49,48,28,OP-1026
2026-05-10-A,WC-08,A,2026-05-10 06:00:00,2026-05-10 14:00:00,100024,69,66,20,OP-1006
2026-05-10-A,WC-09,A,2026-05-10 06:00:00,2026-05-10 14:00:00,100024,54,51,37,OP-1025
2026-05-10-B,WC-01,B,2026-05-10 14:00:00,2026-05-10 22:00:00,100006,68,66,7,OP-1033
2026-05-10-B,WC-02,B,2026-05-10 14:00:00,2026-05-10 22:00:00,100006,62,60,34,OP-1007
2026-05-10-B,WC-03,B,2026-05-10 14:00:00,2026-05-10 22:00:00,100006,52,52,0,OP-1000
2026-05-10-B,WC-04,B,2026-05-10 14:00:00,2026-05-10 22:00:00,100015,59,57,41,OP-1013
2026-05-10-B,WC-05,B,2026-05-10 14:00:00,2026-05-10 22:00:00,100015,60,59,31,OP-1038
2026-05-10-B,WC-06,B,2026-05-10 14:00:00,2026-05-10 22:00:00,100015,69,68,19,OP-1032
2026-05-10-B,WC-07,B,2026-05-10 14:00:00,2026-05-10 22:00:00,100024,57,56,22,OP-1033
2026-05-10-B,WC-08,B,2026-05-10 14:00:00,2026-05-10 22:00:00,100024,66,65,14,OP-1034
2026-05-10-B,WC-09,B,2026-05-10 14:00:00,2026-05-10 22:00:00,100024,50,48,41,OP-1026
2026-05-10-C,WC-01,C,2026-05-10 22:00:00,2026-05-11 06:00:00,100006,61,60,41,OP-1022
2026-05-10-C,WC-02,C,2026-05-10 22:00:00,2026-05-11 06:00:00,100006,43,42,7,OP-1018
2026-05-10-C,WC-03,C,2026-05-10 22:00:00,2026-05-11 06:00:00,100006,62,61,27,OP-1038
2026-05-10-C,WC-04,C,2026-05-10 22:00:00,2026-05-11 06:00:00,100015,52,51,36,OP-1034
2026-05-10-C,WC-05,C,2026-05-10 22:00:00,2026-05-11 06:00:00,100015,59,58,6,OP-1025
2026-05-10-C,WC-06,C,2026-05-10 22:00:00,2026-05-11 06:00:00,100015,43,43,38,OP-1027
2026-05-10-C,WC-07,C,2026-05-10 22:00:00,2026-05-11 06:00:00,100024,57,56,3,OP-1039
2026-05-10-C,WC-08,C,2026-05-10 22:00:00,2026-05-11 06:00:00,100024,54,51,42,OP-1010
2026-05-10-C,WC-09,C,2026-05-10 22:00:00,2026-05-11 06:00:00,100024,65,64,5,OP-1029
2026-05-11-A,WC-01,A,2026-05-11 06:00:00,2026-05-11 14:00:00,100006,47,48,21,OP-1014
2026-05-11-A,WC-02,A,2026-05-11 06:00:00,2026-05-11 14:00:00,100006,66,66,13,OP-1038
2026-05-11-A,WC-03,A,2026-05-11 06:00:00,2026-05-11 14:00:00,100006,45,42,32,OP-1028
2026-05-11-A,WC-04,A,2026-05-11 06:00:00,2026-05-11 14:00:00,100015,61,58,21,OP-1007
2026-05-11-A,WC-05,A,2026-05-11 06:00:00,2026-05-11 14:00:00,100015,43,41,8,OP-1005
2026-05-11-A,WC-06,A,2026-05-11 06:00:00,2026-05-11 14:00:00,100015,60,58,28,OP-1037
2026-05-11-A,WC-07,A,2026-05-11 06:00:00,2026-05-11 14:00:00,100024,66,66,26,OP-1002
2026-05-11-A,WC-08,A,2026-05-11 06:00:00,2026-05-11 14:00:00,100024,56,55,23,OP-1031
2026-05-11-A,WC-09,A,2026-05-11 06:00:00,2026-05-11 14:00:00,100024,57,56,3,OP-1010
2026-05-11-B,WC-01,B,2026-05-11 14:00:00,2026-05-11 22:00:00,100006,52,51,42,OP-1014
2026-05-11-B,WC-02,B,2026-05-11 14:00:00,2026-05-11 22:00:00,100006,55,52,2,OP-1024
2026-05-11-B,WC-03,B,2026-05-11 14:00:00,2026-05-11 22:00:00,100006,52,52,1,OP-1038
2026-05-11-B,WC-04,B,2026-05-11 14:00:00,2026-05-11 22:00:00,100015,56,56,0,OP-1029
2026-05-11-B,WC-05,B,2026-05-11 14:00:00,2026-05-11 22:00:00,100015,53,52,14,OP-1001
2026-05-11-B,WC-06,B,2026-05-11 14:00:00,2026-05-11 22:00:00,100015,50,50,6,OP-1023
2026-05-11-B,WC-07,B,2026-05-11 14:00:00,2026-05-11 22:00:00,100024,65,66,43,OP-1021
2026-05-11-B,WC-08,B,2026-05-11 14:00:00,2026-05-11 22:00:00,100024,53,50,21,OP-1010
2026-05-11-B,WC-09,B,2026-05-11 14:00:00,2026-05-11 22:00:00,100024,62,62,35,OP-1006
2026-05-11-C,WC-01,C,2026-05-11 22:00:00,2026-05-12 06:00:00,100006,63,62,1,OP-1002
2026-05-11-C,WC-02,C,2026-05-11 22:00:00,2026-05-12 06:00:00,100006,61,60,6,OP-1020
2026-05-11-C,WC-03,C,2026-05-11 22:00:00,2026-05-12 06:00:00,100006,59,56,3,OP-1002
2026-05-11-C,WC-04,C,2026-05-11 22:00:00,2026-05-12 06:00:00,100015,66,65,22,OP-1015
2026-05-11-C,WC-05,C,2026-05-11 22:00:00,2026-05-12 06:00:00,100015,53,53,9,OP-1034
2026-05-11-C,WC-06,C,2026-05-11 22:00:00,2026-05-12 06:00:00,100015,63,64,22,OP-1037
2026-05-11-C,WC-07,C,2026-05-11 22:00:00,2026-05-12 06:00:00,100024,69,68,31,OP-1006
2026-05-11-C,WC-08,C,2026-05-11 22:00:00,2026-05-12 06:00:00,100024,74,74,6,OP-1000
2026-05-11-C,WC-09,C,2026-05-11 22:00:00,2026-05-12 06:00:00,100024,81,80,39,OP-1005
2026-05-12-A,WC-01,A,2026-05-12 06:00:00,2026-05-12 14:00:00,100006,60,58,22,OP-1029
2026-05-12-A,WC-02,A,2026-05-12 06:00:00,2026-05-12 14:00:00,100006,69,68,38,OP-1014
2026-05-12-A,WC-03,A,2026-05-12 06:00:00,2026-05-12 14:00:00,100006,64,65,7,OP-1024
2026-05-12-A,WC-04,A,2026-05-12 06:00:00,2026-05-12 14:00:00,100015,60,60,28,OP-1035
2026-05-12-A,WC-05,A,2026-05-12 06:00:00,2026-05-12 14:00:00,100015,48,49,24,OP-1006
2026-05-12-A,WC-06,A,2026-05-12 06:00:00,2026-05-12 14:00:00,100015,59,58,17,OP-1029
2026-05-12-A,WC-07,A,2026-05-12 06:00:00,2026-05-12 14:00:00,100024,72,70,38,OP-1026
2026-05-12-A,WC-08,A,2026-05-12 06:00:00,2026-05-12 14:00:00,100024,61,60,43,OP-1020
2026-05-12-A,WC-09,A,2026-05-12 06:00:00,2026-05-12 14:00:00,100024,58,56,11,OP-1002
2026-05-12-B,WC-01,B,2026-05-12 14:00:00,2026-05-12 22:00:00,100006,83,83,28,OP-1039
2026-05-12-B,WC-02,B,2026-05-12 14:00:00,2026-05-12 22:00:00,100006,63,62,1,OP-1014
2026-05-12-B,WC-03,B,2026-05-12 14:00:00,2026-05-12 22:00:00,100006,51,50,36,OP-1012
2026-05-12-B,WC-04,B,2026-05-12 14:00:00,2026-05-12 22:00:00,100015,57,56,24,OP-1028
2026-05-12-B,WC-05,B,2026-05-12 14:00:00,2026-05-12 22:00:00,100015,53,53,0,OP-1010
2026-05-12-B,WC-06,B,2026-05-12 14:00:00,2026-05-12 22:00:00,100015,59,59,45,OP-1029
2026-05-12-B,WC-07,B,2026-05-12 14:00:00,2026-05-12 22:00:00,100024,49,49,28,OP-1023
2026-05-12-B,WC-08,B,2026-05-12 14:00:00,2026-05-12 22:00:00,100024,69,67,25,OP-1007
2026-05-12-B,WC-09,B,2026-05-12 14:00:00,2026-05-12 22:00:00,100024,76,74,21,OP-1014
2026-05-12-C,WC-01,C,2026-05-12 22:00:00,2026-05-13 06:00:00,100006,49,50,0,OP-1014
2026-05-12-C,WC-02,C,2026-05-12 22:00:00,2026-05-13 06:00:00,100006,78,78,14,OP-1022
2026-05-12-C,WC-03,C,2026-05-12 22:00:00,2026-05-13 06:00:00,100006,53,53,39,OP-1039
2026-05-12-C,WC-04,C,2026-05-12 22:00:00,2026-05-13 06:00:00,100015,63,63,45,OP-1025
2026-05-12-C,WC-05,C,2026-05-12 22:00:00,2026-05-13 06:00:00,100015,67,66,36,OP-1006
2026-05-12-C,WC-06,C,2026-05-12 22:00:00,2026-05-13 06:00:00,100015,63,62,5,OP-1037
2026-05-12-C,WC-07,C,2026-05-12 22:00:00,2026-05-13 06:00:00,100024,56,56,21,OP-1010
2026-05-12-C,WC-08,C,2026-05-12 22:00:00,2026-05-13 06:00:00,100024,56,56,22,OP-1009
2026-05-12-C,WC-09,C,2026-05-12 22:00:00,2026-05-13 06:00:00,100024,59,57,26,OP-1036
2026-05-13-A,WC-01,A,2026-05-13 06:00:00,2026-05-13 14:00:00,100007,48,47,11,OP-1038
2026-05-13-A,WC-02,A,2026-05-13 06:00:00,2026-05-13 14:00:00,100007,59,60,15,OP-1023
2026-05-13-A,WC-03,A,2026-05-13 06:00:00,2026-05-13 14:00:00,100007,63,63,2,OP-1011
2026-05-13-A,WC-04,A,2026-05-13 06:00:00,2026-05-13 14:00:00,100016,68,67,41,OP-1032
2026-05-13-A,WC-05,A,2026-05-13 06:00:00,2026-05-13 14:00:00,100016,60,60,13,OP-1027
2026-05-13-A,WC-06,A,2026-05-13 06:00:00,2026-05-13 14:00:00,100016,58,58,43,OP-1006
2026-05-13-A,WC-07,A,2026-05-13 06:00:00,2026-05-13 14:00:00,100025,43,43,45,OP-1019
2026-05-13-A,WC-08,A,2026-05-13 06:00:00,2026-05-13 14:00:00,100025,60,60,40,OP-1022
2026-05-13-A,WC-09,A,2026-05-13 06:00:00,2026-05-13 14:00:00,100025,77,75,32,OP-1018
2026-05-13-B,WC-01,B,2026-05-13 14:00:00,2026-05-13 22:00:00,100007,59,56,31,OP-1000
2026-05-13-B,WC-02,B,2026-05-13 14:00:00,2026-05-13 22:00:00,100007,68,69,30,OP-1036
2026-05-13-B,WC-03,B,2026-05-13 14:00:00,2026-05-13 22:00:00,100007,65,62,24,OP-1010
2026-05-13-B,WC-04,B,2026-05-13 14:00:00,2026-05-13 22:00:00,100016,70,70,9,OP-1034
2026-05-13-B,WC-05,B,2026-05-13 14:00:00,2026-05-13 22:00:00,100016,66,65,18,OP-1000
2026-05-13-B,WC-06,B,2026-05-13 14:00:00,2026-05-13 22:00:00,100016,65,65,41,OP-1031
2026-05-13-B,WC-07,B,2026-05-13 14:00:00,2026-05-13 22:00:00,100025,61,61,11,OP-1017
2026-05-13-B,WC-08,B,2026-05-13 14:00:00,2026-05-13 22:00:00,100025,62,62,1,OP-1037
2026-05-13-B,WC-09,B,2026-05-13 14:00:00,2026-05-13 22:00:00,100025,51,49,34,OP-1024
2026-05-13-C,WC-01,C,2026-05-13 22:00:00,2026-05-14 06:00:00,100007,59,56,1,OP-1031
2026-05-13-C,WC-02,C,2026-05-13 22:00:00,2026-05-14 06:00:00,100007,62,60,8,OP-1016
2026-05-13-C,WC-03,C,2026-05-13 22:00:00,2026-05-14 06:00:00,100007,56,54,13,OP-1036
2026-05-13-C,WC-04,C,2026-05-13 22:00:00,2026-05-14 06:00:00,100016,53,52,30,OP-1014
2026-05-13-C,WC-05,C,2026-05-13 22:00:00,2026-05-14 06:00:00,100016,64,64,8,OP-1010
2026-05-13-C,WC-06,C,2026-05-13 22:00:00,2026-05-14 06:00:00,100016,71,71,15,OP-1022
2026-05-13-C,WC-07,C,2026-05-13 22:00:00,2026-05-14 06:00:00,100025,60,60,37,OP-1014
2026-05-13-C,WC-08,C,2026-05-13 22:00:00,2026-05-14 06:00:00,100025,67,64,27,OP-1011
2026-05-13-C,WC-09,C,2026-05-13 22:00:00,2026-05-14 06:00:00,100025,64,61,42,OP-1010
2026-05-14-A,WC-01,A,2026-05-14 06:00:00,2026-05-14 14:00:00,100007,80,81,3,OP-1012
2026-05-14-A,WC-02,A,2026-05-14 06:00:00,2026-05-14 14:00:00,100007,60,61,32,OP-1003
2026-05-14-A,WC-03,A,2026-05-14 06:00:00,2026-05-14 14:00:00,100007,63,62,35,OP-1025
2026-05-14-A,WC-04,A,2026-05-14 06:00:00,2026-05-14 14:00:00,100016,55,52,29,OP-1031
2026-05-14-A,WC-05,A,2026-05-14 06:00:00,2026-05-14 14:00:00,100016,69,66,21,OP-1015
2026-05-14-A,WC-06,A,2026-05-14 06:00:00,2026-05-14 14:00:00,100016,50,49,40,OP-1013
2026-05-14-A,WC-07,A,2026-05-14 06:00:00,2026-05-14 14:00:00,100025,63,62,23,OP-1023
2026-05-14-A,WC-08,A,2026-05-14 06:00:00,2026-05-14 14:00:00,100025,64,61,18,OP-1006
2026-05-14-A,WC-09,A,2026-05-14 06:00:00,2026-05-14 14:00:00,100025,48,48,38,OP-1020
2026-05-14-B,WC-01,B,2026-05-14 14:00:00,2026-05-14 22:00:00,100007,53,51,26,OP-1026
2026-05-14-B,WC-02,B,2026-05-14 14:00:00,2026-05-14 22:00:00,100007,57,54,29,OP-1005
2026-05-14-B,WC-03,B,2026-05-14 14:00:00,2026-05-14 22:00:00,100007,50,49,1,OP-1017
2026-05-14-B,WC-04,B,2026-05-14 14:00:00,2026-05-14 22:00:00,100016,54,53,40,OP-1001
2026-05-14-B,WC-05,B,2026-05-14 14:00:00,2026-05-14 22:00:00,100016,71,70,15,OP-1010
2026-05-14-B,WC-06,B,2026-05-14 14:00:00,2026-05-14 22:00:00,100016,50,49,42,OP-1001
2026-05-14-B,WC-07,B,2026-05-14 14:00:00,2026-05-14 22:00:00,100025,81,78,0,OP-1004
2026-05-14-B,WC-08,B,2026-05-14 14:00:00,2026-05-14 22:00:00,100025,52,52,43,OP-1021
2026-05-14-B,WC-09,B,2026-05-14 14:00:00,2026-05-14 22:00:00,100025,51,50,11,OP-1019
2026-05-14-C,WC-01,C,2026-05-14 22:00:00,2026-05-15 06:00:00,100007,82,82,8,OP-1028
2026-05-14-C,WC-02,C,2026-05-14 22:00:00,2026-05-15 06:00:00,100007,47,48,42,OP-1038
2026-05-14-C,WC-03,C,2026-05-14 22:00:00,2026-05-15 06:00:00,100007,54,52,25,OP-1038
2026-05-14-C,WC-04,C,2026-05-14 22:00:00,2026-05-15 06:00:00,100016,70,67,43,OP-1027
2026-05-14-C,WC-05,C,2026-05-14 22:00:00,2026-05-15 06:00:00,100016,70,69,22,OP-1017
2026-05-14-C,WC-06,C,2026-05-14 22:00:00,2026-05-15 06:00:00,100016,49,48,28,OP-1030
2026-05-14-C,WC-07,C,2026-05-14 22:00:00,2026-05-15 06:00:00,100025,49,47,40,OP-1000
2026-05-14-C,WC-08,C,2026-05-14 22:00:00,2026-05-15 06:00:00,100025,63,61,12,OP-1013
2026-05-14-C,WC-09,C,2026-05-14 22:00:00,2026-05-15 06:00:00,100025,63,62,45,OP-1004
2026-05-15-A,WC-01,A,2026-05-15 06:00:00,2026-05-15 14:00:00,100007,58,59,18,OP-1032
2026-05-15-A,WC-02,A,2026-05-15 06:00:00,2026-05-15 14:00:00,100007,57,55,6,OP-1037
2026-05-15-A,WC-03,A,2026-05-15 06:00:00,2026-05-15 14:00:00,100007,75,74,25,OP-1011
2026-05-15-A,WC-04,A,2026-05-15 06:00:00,2026-05-15 14:00:00,100016,74,72,8,OP-1028
2026-05-15-A,WC-05,A,2026-05-15 06:00:00,2026-05-15 14:00:00,100016,63,64,30,OP-1004
2026-05-15-A,WC-06,A,2026-05-15 06:00:00,2026-05-15 14:00:00,100016,64,64,24,OP-1034
2026-05-15-A,WC-07,A,2026-05-15 06:00:00,2026-05-15 14:00:00,100025,59,56,6,OP-1028
2026-05-15-A,WC-08,A,2026-05-15 06:00:00,2026-05-15 14:00:00,100025,58,57,7,OP-1023
2026-05-15-A,WC-09,A,2026-05-15 06:00:00,2026-05-15 14:00:00,100025,72,72,2,OP-1005
2026-05-15-B,WC-01,B,2026-05-15 14:00:00,2026-05-15 22:00:00,100007,58,58,20,OP-1013
2026-05-15-B,WC-02,B,2026-05-15 14:00:00,2026-05-15 22:00:00,100007,55,54,38,OP-1003
2026-05-15-B,WC-03,B,2026-05-15 14:00:00,2026-05-15 22:00:00,100007,76,74,1,OP-1032
2026-05-15-B,WC-04,B,2026-05-15 14:00:00,2026-05-15 22:00:00,100016,66,63,0,OP-1024
2026-05-15-B,WC-05,B,2026-05-15 14:00:00,2026-05-15 22:00:00,100016,64,62,18,OP-1035
2026-05-15-B,WC-06,B,2026-05-15 14:00:00,2026-05-15 22:00:00,100016,60,60,3,OP-1018
2026-05-15-B,WC-07,B,2026-05-15 14:00:00,2026-05-15 22:00:00,100025,56,55,9,OP-1021
2026-05-15-B,WC-08,B,2026-05-15 14:00:00,2026-05-15 22:00:00,100025,52,52,19,OP-1026
2026-05-15-B,WC-09,B,2026-05-15 14:00:00,2026-05-15 22:00:00,100025,62,61,9,OP-1007
2026-05-15-C,WC-01,C,2026-05-15 22:00:00,2026-05-16 06:00:00,100007,53,53,22,OP-1039
2026-05-15-C,WC-02,C,2026-05-15 22:00:00,2026-05-16 06:00:00,100007,50,49,20,OP-1022
2026-05-15-C,WC-03,C,2026-05-15 22:00:00,2026-05-16 06:00:00,100007,56,55,20,OP-1003
2026-05-15-C,WC-04,C,2026-05-15 22:00:00,2026-05-16 06:00:00,100016,66,67,23,OP-1039
2026-05-15-C,WC-05,C,2026-05-15 22:00:00,2026-05-16 06:00:00,100016,59,57,38,OP-1023
2026-05-15-C,WC-06,C,2026-05-15 22:00:00,2026-05-16 06:00:00,100016,63,63,3,OP-1011
2026-05-15-C,WC-07,C,2026-05-15 22:00:00,2026-05-16 06:00:00,100025,66,64,9,OP-1001
2026-05-15-C,WC-08,C,2026-05-15 22:00:00,2026-05-16 06:00:00,100025,68,67,29,OP-1013
2026-05-15-C,WC-09,C,2026-05-15 22:00:00,2026-05-16 06:00:00,100025,61,62,35,OP-1004
2026-05-16-A,WC-01,A,2026-05-16 06:00:00,2026-05-16 14:00:00,100007,59,58,30,OP-1005
2026-05-16-A,WC-02,A,2026-05-16 06:00:00,2026-05-16 14:00:00,100007,51,50,27,OP-1037
2026-05-16-A,WC-03,A,2026-05-16 06:00:00,2026-05-16 14:00:00,100007,76,74,38,OP-1007
2026-05-16-A,WC-04,A,2026-05-16 06:00:00,2026-05-16 14:00:00,100016,67,66,31,OP-1028
2026-05-16-A,WC-05,A,2026-05-16 06:00:00,2026-05-16 14:00:00,100016,63,62,12,OP-1032
2026-05-16-A,WC-06,A,2026-05-16 06:00:00,2026-05-16 14:00:00,100016,59,58,39,OP-1036
2026-05-16-A,WC-07,A,2026-05-16 06:00:00,2026-05-16 14:00:00,100025,83,82,7,OP-1010
2026-05-16-A,WC-08,A,2026-05-16 06:00:00,2026-05-16 14:00:00,100025,62,59,36,OP-1008
2026-05-16-A,WC-09,A,2026-05-16 06:00:00,2026-05-16 14:00:00,100025,71,70,38,OP-1003
2026-05-16-B,WC-01,B,2026-05-16 14:00:00,2026-05-16 22:00:00,100007,54,53,18,OP-1016
2026-05-16-B,WC-02,B,2026-05-16 14:00:00,2026-05-16 22:00:00,100007,57,56,25,OP-1039
2026-05-16-B,WC-03,B,2026-05-16 14:00:00,2026-05-16 22:00:00,100007,58,59,16,OP-1036
2026-05-16-B,WC-04,B,2026-05-16 14:00:00,2026-05-16 22:00:00,100016,79,76,29,OP-1030
2026-05-16-B,WC-05,B,2026-05-16 14:00:00,2026-05-16 22:00:00,100016,73,71,24,OP-1013
2026-05-16-B,WC-06,B,2026-05-16 14:00:00,2026-05-16 22:00:00,100016,60,58,31,OP-1004
2026-05-16-B,WC-07,B,2026-05-16 14:00:00,2026-05-16 22:00:00,100025,69,68,30,OP-1013
2026-05-16-B,WC-08,B,2026-05-16 14:00:00,2026-05-16 22:00:00,100025,60,60,22,OP-1030
2026-05-16-B,WC-09,B,2026-05-16 14:00:00,2026-05-16 22:00:00,100025,67,66,44,OP-1019
2026-05-16-C,WC-01,C,2026-05-16 22:00:00,2026-05-17 06:00:00,100007,66,64,0,OP-1035
2026-05-16-C,WC-02,C,2026-05-16 22:00:00,2026-05-17 06:00:00,100007,60,59,16,OP-1015
2026-05-16-C,WC-03,C,2026-05-16 22:00:00,2026-05-17 06:00:00,100007,50,49,32,OP-1021
2026-05-16-C,WC-04,C,2026-05-16 22:00:00,2026-05-17 06:00:00,100016,65,64,23,OP-1018
2026-05-16-C,WC-05,C,2026-05-16 22:00:00,2026-05-17 06:00:00,100016,65,64,42,OP-1003
2026-05-16-C,WC-06,C,2026-05-16 22:00:00,2026-05-17 06:00:00,100016,62,61,3,OP-1038
2026-05-16-C,WC-07,C,2026-05-16 22:00:00,2026-05-17 06:00:00,100025,58,57,9,OP-1021
2026-05-16-C,WC-08,C,2026-05-16 22:00:00,2026-05-17 06:00:00,100025,53,53,21,OP-1030
2026-05-16-C,WC-09,C,2026-05-16 22:00:00,2026-05-17 06:00:00,100025,75,74,41,OP-1018
2026-05-17-A,WC-01,A,2026-05-17 06:00:00,2026-05-17 14:00:00,100007,55,52,31,OP-1009
2026-05-17-A,WC-02,A,2026-05-17 06:00:00,2026-05-17 14:00:00,100007,75,75,8,OP-1003
2026-05-17-A,WC-03,A,2026-05-17 06:00:00,2026-05-17 14:00:00,100007,75,73,23,OP-1001
2026-05-17-A,WC-04,A,2026-05-17 06:00:00,2026-05-17 14:00:00,100016,62,63,32,OP-1016
2026-05-17-A,WC-05,A,2026-05-17 06:00:00,2026-05-17 14:00:00,100016,56,57,28,OP-1008
2026-05-17-A,WC-06,A,2026-05-17 06:00:00,2026-05-17 14:00:00,100016,68,67,16,OP-1036
2026-05-17-A,WC-07,A,2026-05-17 06:00:00,2026-05-17 14:00:00,100025,63,64,45,OP-1014
2026-05-17-A,WC-08,A,2026-05-17 06:00:00,2026-05-17 14:00:00,100025,61,62,35,OP-1032
2026-05-17-A,WC-09,A,2026-05-17 06:00:00,2026-05-17 14:00:00,100025,56,56,21,OP-1017
2026-05-17-B,WC-01,B,2026-05-17 14:00:00,2026-05-17 22:00:00,100007,70,69,7,OP-1034
2026-05-17-B,WC-02,B,2026-05-17 14:00:00,2026-05-17 22:00:00,100007,59,58,38,OP-1036
2026-05-17-B,WC-03,B,2026-05-17 14:00:00,2026-05-17 22:00:00,100007,67,67,2,OP-1013
2026-05-17-B,WC-04,B,2026-05-17 14:00:00,2026-05-17 22:00:00,100016,60,58,45,OP-1025
2026-05-17-B,WC-05,B,2026-05-17 14:00:00,2026-05-17 22:00:00,100016,51,48,7,OP-1003
2026-05-17-B,WC-06,B,2026-05-17 14:00:00,2026-05-17 22:00:00,100016,62,62,19,OP-1037
2026-05-17-B,WC-07,B,2026-05-17 14:00:00,2026-05-17 22:00:00,100025,61,58,42,OP-1029
2026-05-17-B,WC-08,B,2026-05-17 14:00:00,2026-05-17 22:00:00,100025,65,64,41,OP-1026
2026-05-17-B,WC-09,B,2026-05-17 14:00:00,2026-05-17 22:00:00,100025,72,69,31,OP-1006
2026-05-17-C,WC-01,C,2026-05-17 22:00:00,2026-05-18 06:00:00,100007,61,60,21,OP-1014
2026-05-17-C,WC-02,C,2026-05-17 22:00:00,2026-05-18 06:00:00,100007,51,50,37,OP-1012
2026-05-17-C,WC-03,C,2026-05-17 22:00:00,2026-05-18 06:00:00,100007,73,73,40,OP-1024
2026-05-17-C,WC-04,C,2026-05-17 22:00:00,2026-05-18 06:00:00,100016,60,58,36,OP-1003
2026-05-17-C,WC-05,C,2026-05-17 22:00:00,2026-05-18 06:00:00,100016,64,64,16,OP-1006
2026-05-17-C,WC-06,C,2026-05-17 22:00:00,2026-05-18 06:00:00,100016,50,49,36,OP-1017
2026-05-17-C,WC-07,C,2026-05-17 22:00:00,2026-05-18 06:00:00,100025,64,61,14,OP-1005
2026-05-17-C,WC-08,C,2026-05-17 22:00:00,2026-05-18 06:00:00,100025,66,63,29,OP-1032
2026-05-17-C,WC-09,C,2026-05-17 22:00:00,2026-05-18 06:00:00,100025,60,59,19,OP-1031
2026-05-18-A,WC-01,A,2026-05-18 06:00:00,2026-05-18 14:00:00,100007,63,61,31,OP-1035
2026-05-18-A,WC-02,A,2026-05-18 06:00:00,2026-05-18 14:00:00,100007,58,58,13,OP-1007
2026-05-18-A,WC-03,A,2026-05-18 06:00:00,2026-05-18 14:00:00,100007,66,63,35,OP-1004
2026-05-18-A,WC-04,A,2026-05-18 06:00:00,2026-05-18 14:00:00,100016,66,65,14,OP-1019
2026-05-18-A,WC-05,A,2026-05-18 06:00:00,2026-05-18 14:00:00,100016,59,58,32,OP-1026
2026-05-18-A,WC-06,A,2026-05-18 06:00:00,2026-05-18 14:00:00,100016,69,70,17,OP-1020
2026-05-18-A,WC-07,A,2026-05-18 06:00:00,2026-05-18 14:00:00,100025,65,63,27,OP-1019
2026-05-18-A,WC-08,A,2026-05-18 06:00:00,2026-05-18 14:00:00,100025,81,78,17,OP-1032
2026-05-18-A,WC-09,A,2026-05-18 06:00:00,2026-05-18 14:00:00,100025,67,67,33,OP-1008
2026-05-18-B,WC-01,B,2026-05-18 14:00:00,2026-05-18 22:00:00,100007,74,73,24,OP-1038
2026-05-18-B,WC-02,B,2026-05-18 14:00:00,2026-05-18 22:00:00,100007,52,51,10,OP-1003
2026-05-18-B,WC-03,B,2026-05-18 14:00:00,2026-05-18 22:00:00,100007,65,63,29,OP-1022
2026-05-18-B,WC-04,B,2026-05-18 14:00:00,2026-05-18 22:00:00,100016,64,62,21,OP-1018
2026-05-18-B,WC-05,B,2026-05-18 14:00:00,2026-05-18 22:00:00,100016,58,55,8,OP-1035
2026-05-18-B,WC-06,B,2026-05-18 14:00:00,2026-05-18 22:00:00,100016,57,58,12,OP-1028
2026-05-18-B,WC-07,B,2026-05-18 14:00:00,2026-05-18 22:00:00,100025,52,52,33,OP-1010
2026-05-18-B,WC-08,B,2026-05-18 14:00:00,2026-05-18 22:00:00,100025,56,55,6,OP-1028
2026-05-18-B,WC-09,B,2026-05-18 14:00:00,2026-05-18 22:00:00,100025,49,48,19,OP-1006
2026-05-18-C,WC-01,C,2026-05-18 22:00:00,2026-05-19 06:00:00,100007,56,56,32,OP-1000
2026-05-18-C,WC-02,C,2026-05-18 22:00:00,2026-05-19 06:00:00,100007,47,46,41,OP-1036
2026-05-18-C,WC-03,C,2026-05-18 22:00:00,2026-05-19 06:00:00,100007,46,44,30,OP-1026
2026-05-18-C,WC-04,C,2026-05-18 22:00:00,2026-05-19 06:00:00,100016,65,65,27,OP-1003
2026-05-18-C,WC-05,C,2026-05-18 22:00:00,2026-05-19 06:00:00,100016,65,65,32,OP-1015
2026-05-18-C,WC-06,C,2026-05-18 22:00:00,2026-05-19 06:00:00,100016,47,47,13,OP-1013
2026-05-18-C,WC-07,C,2026-05-18 22:00:00,2026-05-19 06:00:00,100025,66,63,21,OP-1007
2026-05-18-C,WC-08,C,2026-05-18 22:00:00,2026-05-19 06:00:00,100025,54,54,12,OP-1003
2026-05-18-C,WC-09,C,2026-05-18 22:00:00,2026-05-19 06:00:00,100025,59,58,33,OP-1009
2026-05-19-A,WC-01,A,2026-05-19 06:00:00,2026-05-19 14:00:00,100007,63,62,36,OP-1002
2026-05-19-A,WC-02,A,2026-05-19 06:00:00,2026-05-19 14:00:00,100007,73,71,27,OP-1016
2026-05-19-A,WC-03,A,2026-05-19 06:00:00,2026-05-19 14:00:00,100007,67,66,31,OP-1007
2026-05-19-A,WC-04,A,2026-05-19 06:00:00,2026-05-19 14:00:00,100016,68,68,4,OP-1026
2026-05-19-A,WC-05,A,2026-05-19 06:00:00,2026-05-19 14:00:00,100016,58,58,18,OP-1016
2026-05-19-A,WC-06,A,2026-05-19 06:00:00,2026-05-19 14:00:00,100016,53,52,44,OP-1006
2026-05-19-A,WC-07,A,2026-05-19 06:00:00,2026-05-19 14:00:00,100025,66,66,36,OP-1016
2026-05-19-A,WC-08,A,2026-05-19 06:00:00,2026-05-19 14:00:00,100025,48,48,22,OP-1006
2026-05-19-A,WC-09,A,2026-05-19 06:00:00,2026-05-19 14:00:00,100025,50,50,30,OP-1031
2026-05-19-B,WC-01,B,2026-05-19 14:00:00,2026-05-19 22:00:00,100007,71,70,34,OP-1039
2026-05-19-B,WC-02,B,2026-05-19 14:00:00,2026-05-19 22:00:00,100007,70,69,29,OP-1008
2026-05-19-B,WC-03,B,2026-05-19 14:00:00,2026-05-19 22:00:00,100007,71,69,19,OP-1012
2026-05-19-B,WC-04,B,2026-05-19 14:00:00,2026-05-19 22:00:00,100016,63,60,33,OP-1006
2026-05-19-B,WC-05,B,2026-05-19 14:00:00,2026-05-19 22:00:00,100016,51,50,33,OP-1035
2026-05-19-B,WC-06,B,2026-05-19 14:00:00,2026-05-19 22:00:00,100016,69,68,42,OP-1030
2026-05-19-B,WC-07,B,2026-05-19 14:00:00,2026-05-19 22:00:00,100025,50,51,39,OP-1010
2026-05-19-B,WC-08,B,2026-05-19 14:00:00,2026-05-19 22:00:00,100025,58,57,25,OP-1002
2026-05-19-B,WC-09,B,2026-05-19 14:00:00,2026-05-19 22:00:00,100025,71,68,33,OP-1029
2026-05-19-C,WC-01,C,2026-05-19 22:00:00,2026-05-20 06:00:00,100007,64,63,0,OP-1029
2026-05-19-C,WC-02,C,2026-05-19 22:00:00,2026-05-20 06:00:00,100007,55,56,43,OP-1009
2026-05-19-C,WC-03,C,2026-05-19 22:00:00,2026-05-20 06:00:00,100007,51,48,40,OP-1014
2026-05-19-C,WC-04,C,2026-05-19 22:00:00,2026-05-20 06:00:00,100016,77,76,4,OP-1002
2026-05-19-C,WC-05,C,2026-05-19 22:00:00,2026-05-20 06:00:00,100016,56,57,9,OP-1038
2026-05-19-C,WC-06,C,2026-05-19 22:00:00,2026-05-20 06:00:00,100016,70,68,18,OP-1014
2026-05-19-C,WC-07,C,2026-05-19 22:00:00,2026-05-20 06:00:00,100025,59,59,23,OP-1009
2026-05-19-C,WC-08,C,2026-05-19 22:00:00,2026-05-20 06:00:00,100025,65,63,8,OP-1019
2026-05-19-C,WC-09,C,2026-05-19 22:00:00,2026-05-20 06:00:00,100025,59,65,16,OP-1019
2026-05-20-A,WC-01,A,2026-05-20 06:00:00,2026-05-20 14:00:00,100008,61,59,9,OP-1033
2026-05-20-A,WC-02,A,2026-05-20 06:00:00,2026-05-20 14:00:00,100008,59,58,27,OP-1032
2026-05-20-A,WC-03,A,2026-05-20 06:00:00,2026-05-20 14:00:00,100008,62,61,25,OP-1025
2026-05-20-A,WC-04,A,2026-05-20 06:00:00,2026-05-20 14:00:00,100017,60,59,27,OP-1025
2026-05-20-A,WC-05,A,2026-05-20 06:00:00,2026-05-20 14:00:00,100017,53,52,27,OP-1029
2026-05-20-A,WC-06,A,2026-05-20 06:00:00,2026-05-20 14:00:00,100017,48,49,43,OP-1020
2026-05-20-A,WC-07,A,2026-05-20 06:00:00,2026-05-20 14:00:00,100026,43,41,8,OP-1015
2026-05-20-A,WC-08,A,2026-05-20 06:00:00,2026-05-20 14:00:00,100026,56,55,22,OP-1016
2026-05-20-A,WC-09,A,2026-05-20 06:00:00,2026-05-20 14:00:00,100026,59,58,38,OP-1016
2026-05-20-B,WC-01,B,2026-05-20 14:00:00,2026-05-20 22:00:00,100008,63,61,5,OP-1011
2026-05-20-B,WC-02,B,2026-05-20 14:00:00,2026-05-20 22:00:00,100008,56,55,33,OP-1012
2026-05-20-B,WC-03,B,2026-05-20 14:00:00,2026-05-20 22:00:00,100008,51,51,28,OP-1017
2026-05-20-B,WC-04,B,2026-05-20 14:00:00,2026-05-20 22:00:00,100017,63,63,19,OP-1022
2026-05-20-B,WC-05,B,2026-05-20 14:00:00,2026-05-20 22:00:00,100017,54,54,43,OP-1020
2026-05-20-B,WC-06,B,2026-05-20 14:00:00,2026-05-20 22:00:00,100017,48,47,2,OP-1005
2026-05-20-B,WC-07,B,2026-05-20 14:00:00,2026-05-20 22:00:00,100026,60,59,39,OP-1014
2026-05-20-B,WC-08,B,2026-05-20 14:00:00,2026-05-20 22:00:00,100026,61,60,18,OP-1032
2026-05-20-B,WC-09,B,2026-05-20 14:00:00,2026-05-20 22:00:00,100026,62,61,5,OP-1000
2026-05-20-C,WC-01,C,2026-05-20 22:00:00,2026-05-21 06:00:00,100008,47,46,10,OP-1001
2026-05-20-C,WC-02,C,2026-05-20 22:00:00,2026-05-21 06:00:00,100008,68,65,20,OP-1005
2026-05-20-C,WC-03,C,2026-05-20 22:00:00,2026-05-21 06:00:00,100008,72,71,27,OP-1017
2026-05-20-C,WC-04,C,2026-05-20 22:00:00,2026-05-21 06:00:00,100017,62,61,20,OP-1019
2026-05-20-C,WC-05,C,2026-05-20 22:00:00,2026-05-21 06:00:00,100017,63,64,35,OP-1000
2026-05-20-C,WC-06,C,2026-05-20 22:00:00,2026-05-21 06:00:00,100017,67,64,30,OP-1029
2026-05-20-C,WC-07,C,2026-05-20 22:00:00,2026-05-21 06:00:00,100026,56,56,16,OP-1004
2026-05-20-C,WC-08,C,2026-05-20 22:00:00,2026-05-21 06:00:00,100026,62,61,14,OP-1011
2026-05-20-C,WC-09,C,2026-05-20 22:00:00,2026-05-21 06:00:00,100026,58,57,33,OP-1006
2026-05-21-A,WC-01,A,2026-05-21 06:00:00,2026-05-21 14:00:00,100008,54,51,33,OP-1031
2026-05-21-A,WC-02,A,2026-05-21 06:00:00,2026-05-21 14:00:00,100008,66,66,18,OP-1018
2026-05-21-A,WC-03,A,2026-05-21 06:00:00,2026-05-21 14:00:00,100008,55,53,21,OP-1034
2026-05-21-A,WC-04,A,2026-05-21 06:00:00,2026-05-21 14:00:00,100017,61,62,25,OP-1016
2026-05-21-A,WC-05,A,2026-05-21 06:00:00,2026-05-21 14:00:00,100017,63,61,12,OP-1020
2026-05-21-A,WC-06,A,2026-05-21 06:00:00,2026-05-21 14:00:00,100017,71,69,37,OP-1034
2026-05-21-A,WC-07,A,2026-05-21 06:00:00,2026-05-21 14:00:00,100026,65,63,14,OP-1004
2026-05-21-A,WC-08,A,2026-05-21 06:00:00,2026-05-21 14:00:00,100026,61,60,16,OP-1029
2026-05-21-A,WC-09,A,2026-05-21 06:00:00,2026-05-21 14:00:00,100026,72,70,1,OP-1034
2026-05-21-B,WC-01,B,2026-05-21 14:00:00,2026-05-21 22:00:00,100008,62,61,42,OP-1009
2026-05-21-B,WC-02,B,2026-05-21 14:00:00,2026-05-21 22:00:00,100008,48,48,32,OP-1027
2026-05-21-B,WC-03,B,2026-05-21 14:00:00,2026-05-21 22:00:00,100008,65,66,15,OP-1022
2026-05-21-B,WC-04,B,2026-05-21 14:00:00,2026-05-21 22:00:00,100017,60,59,6,OP-1035
2026-05-21-B,WC-05,B,2026-05-21 14:00:00,2026-05-21 22:00:00,100017,51,94,10,OP-1024
2026-05-21-B,WC-06,B,2026-05-21 14:00:00,2026-05-21 22:00:00,100017,73,70,36,OP-1023
2026-05-21-B,WC-07,B,2026-05-21 14:00:00,2026-05-21 22:00:00,100026,68,66,39,OP-1000
2026-05-21-B,WC-08,B,2026-05-21 14:00:00,2026-05-21 22:00:00,100026,64,64,18,OP-1039
2026-05-21-B,WC-09,B,2026-05-21 14:00:00,2026-05-21 22:00:00,100026,46,44,31,OP-1006
2026-05-21-C,WC-01,C,2026-05-21 22:00:00,2026-05-22 06:00:00,100008,55,54,13,OP-1010
2026-05-21-C,WC-02,C,2026-05-21 22:00:00,2026-05-22 06:00:00,100008,72,71,21,OP-1024
2026-05-21-C,WC-03,C,2026-05-21 22:00:00,2026-05-22 06:00:00,100008,68,65,14,OP-1036
2026-05-21-C,WC-04,C,2026-05-21 22:00:00,2026-05-22 06:00:00,100017,57,55,19,OP-1031
2026-05-21-C,WC-05,C,2026-05-21 22:00:00,2026-05-22 06:00:00,100017,55,53,3,OP-1036
2026-05-21-C,WC-06,C,2026-05-21 22:00:00,2026-05-22 06:00:00,100017,54,53,17,OP-1026
2026-05-21-C,WC-07,C,2026-05-21 22:00:00,2026-05-22 06:00:00,100026,84,84,22,OP-1032
2026-05-21-C,WC-08,C,2026-05-21 22:00:00,2026-05-22 06:00:00,100026,73,37,45,OP-1010
2026-05-21-C,WC-09,C,2026-05-21 22:00:00,2026-05-22 06:00:00,100026,64,63,22,OP-1036
2026-05-22-A,WC-01,A,2026-05-22 06:00:00,2026-05-22 14:00:00,100008,61,60,7,OP-1026
2026-05-22-A,WC-02,A,2026-05-22 06:00:00,2026-05-22 14:00:00,100008,53,53,3,OP-1001
2026-05-22-A,WC-03,A,2026-05-22 06:00:00,2026-05-22 14:00:00,100008,60,61,28,OP-1017
2026-05-22-A,WC-04,A,2026-05-22 06:00:00,2026-05-22 14:00:00,100017,60,60,39,OP-1008
2026-05-22-A,WC-05,A,2026-05-22 06:00:00,2026-05-22 14:00:00,100017,57,57,5,OP-1033
2026-05-22-A,WC-06,A,2026-05-22 06:00:00,2026-05-22 14:00:00,100017,65,65,29,OP-1023
2026-05-22-A,WC-07,A,2026-05-22 06:00:00,2026-05-22 14:00:00,100026,64,63,14,OP-1036
2026-05-22-A,WC-08,A,2026-05-22 06:00:00,2026-05-22 14:00:00,100026,62,61,4,OP-1026
2026-05-22-A,WC-09,A,2026-05-22 06:00:00,2026-05-22 14:00:00,100026,49,47,35,OP-1008
2026-05-22-B,WC-01,B,2026-05-22 14:00:00,2026-05-22 22:00:00,100008,61,60,12,OP-1037
2026-05-22-B,WC-02,B,2026-05-22 14:00:00,2026-05-22 22:00:00,100008,60,61,16,OP-1000
2026-05-22-B,WC-03,B,2026-05-22 14:00:00,2026-05-22 22:00:00,100008,61,60,5,OP-1018
2026-05-22-B,WC-04,B,2026-05-22 14:00:00,2026-05-22 22:00:00,100017,48,46,33,OP-1022
2026-05-22-B,WC-05,B,2026-05-22 14:00:00,2026-05-22 22:00:00,100017,61,61,7,OP-1001
2026-05-22-B,WC-06,B,2026-05-22 14:00:00,2026-05-22 22:00:00,100017,59,56,14,OP-1035
2026-05-22-B,WC-07,B,2026-05-22 14:00:00,2026-05-22 22:00:00,100026,61,60,5,OP-1031
2026-05-22-B,WC-08,B,2026-05-22 14:00:00,2026-05-22 22:00:00,100026,78,78,5,OP-1028
2026-05-22-B,WC-09,B,2026-05-22 14:00:00,2026-05-22 22:00:00,100026,49,50,9,OP-1017
2026-05-22-C,WC-01,C,2026-05-22 22:00:00,2026-05-23 06:00:00,100008,56,55,16,OP-1003
2026-05-22-C,WC-02,C,2026-05-22 22:00:00,2026-05-23 06:00:00,100008,46,46,9,OP-1009
2026-05-22-C,WC-03,C,2026-05-22 22:00:00,2026-05-23 06:00:00,100008,66,64,14,OP-1037
2026-05-22-C,WC-04,C,2026-05-22 22:00:00,2026-05-23 06:00:00,100017,66,64,19,OP-1007
2026-05-22-C,WC-05,C,2026-05-22 22:00:00,2026-05-23 06:00:00,100017,66,65,12,OP-1039
2026-05-22-C,WC-06,C,2026-05-22 22:00:00,2026-05-23 06:00:00,100017,63,63,6,OP-1038
2026-05-22-C,WC-07,C,2026-05-22 22:00:00,2026-05-23 06:00:00,100026,75,74,41,OP-1001
2026-05-22-C,WC-08,C,2026-05-22 22:00:00,2026-05-23 06:00:00,100026,56,55,38,OP-1029
2026-05-22-C,WC-09,C,2026-05-22 22:00:00,2026-05-23 06:00:00,100026,57,54,29,OP-1036
2026-05-23-A,WC-01,A,2026-05-23 06:00:00,2026-05-23 14:00:00,100008,52,52,4,OP-1020
2026-05-23-A,WC-02,A,2026-05-23 06:00:00,2026-05-23 14:00:00,100008,62,61,29,OP-1036
2026-05-23-A,WC-03,A,2026-05-23 06:00:00,2026-05-23 14:00:00,100008,62,61,28,OP-1004
2026-05-23-A,WC-04,A,2026-05-23 06:00:00,2026-05-23 14:00:00,100017,40,38,0,OP-1030
2026-05-23-A,WC-05,A,2026-05-23 06:00:00,2026-05-23 14:00:00,100017,60,58,28,OP-1019
2026-05-23-A,WC-06,A,2026-05-23 06:00:00,2026-05-23 14:00:00,100017,67,68,29,OP-1038
2026-05-23-A,WC-07,A,2026-05-23 06:00:00,2026-05-23 14:00:00,100026,63,64,10,OP-1006
2026-05-23-A,WC-08,A,2026-05-23 06:00:00,2026-05-23 14:00:00,100026,67,67,41,OP-1032
2026-05-23-A,WC-09,A,2026-05-23 06:00:00,2026-05-23 14:00:00,100026,68,66,42,OP-1032
2026-05-23-B,WC-01,B,2026-05-23 14:00:00,2026-05-23 22:00:00,100008,55,53,10,OP-1034
2026-05-23-B,WC-02,B,2026-05-23 14:00:00,2026-05-23 22:00:00,100008,48,47,25,OP-1027
2026-05-23-B,WC-03,B,2026-05-23 14:00:00,2026-05-23 22:00:00,100008,61,60,42,OP-1034
2026-05-23-B,WC-04,B,2026-05-23 14:00:00,2026-05-23 22:00:00,100017,58,57,6,OP-1021
2026-05-23-B,WC-05,B,2026-05-23 14:00:00,2026-05-23 22:00:00,100017,48,47,24,OP-1004
2026-05-23-B,WC-06,B,2026-05-23 14:00:00,2026-05-23 22:00:00,100017,71,71,4,OP-1011
2026-05-23-B,WC-07,B,2026-05-23 14:00:00,2026-05-23 22:00:00,100026,63,61,10,OP-1018
2026-05-23-B,WC-08,B,2026-05-23 14:00:00,2026-05-23 22:00:00,100026,77,78,16,OP-1037
2026-05-23-B,WC-09,B,2026-05-23 14:00:00,2026-05-23 22:00:00,100026,52,50,3,OP-1037
2026-05-23-C,WC-01,C,2026-05-23 22:00:00,2026-05-24 06:00:00,100008,63,62,45,OP-1001
2026-05-23-C,WC-02,C,2026-05-23 22:00:00,2026-05-24 06:00:00,100008,51,51,40,OP-1024
2026-05-23-C,WC-03,C,2026-05-23 22:00:00,2026-05-24 06:00:00,100008,69,67,22,OP-1010
2026-05-23-C,WC-04,C,2026-05-23 22:00:00,2026-05-24 06:00:00,100017,59,58,42,OP-1022
2026-05-23-C,WC-05,C,2026-05-23 22:00:00,2026-05-24 06:00:00,100017,68,67,22,OP-1035
2026-05-23-C,WC-06,C,2026-05-23 22:00:00,2026-05-24 06:00:00,100017,71,70,36,OP-1039
2026-05-23-C,WC-07,C,2026-05-23 22:00:00,2026-05-24 06:00:00,100026,51,50,19,OP-1028
2026-05-23-C,WC-08,C,2026-05-23 22:00:00,2026-05-24 06:00:00,100026,62,60,21,OP-1030
2026-05-23-C,WC-09,C,2026-05-23 22:00:00,2026-05-24 06:00:00,100026,38,38,26,OP-1034
2026-05-24-A,WC-01,A,2026-05-24 06:00:00,2026-05-24 14:00:00,100008,52,50,39,OP-1022
2026-05-24-A,WC-02,A,2026-05-24 06:00:00,2026-05-24 14:00:00,100008,62,62,11,OP-1027
2026-05-24-A,WC-03,A,2026-05-24 06:00:00,2026-05-24 14:00:00,100008,47,47,3,OP-1028
2026-05-24-A,WC-04,A,2026-05-24 06:00:00,2026-05-24 14:00:00,100017,68,68,11,OP-1009
2026-05-24-A,WC-05,A,2026-05-24 06:00:00,2026-05-24 14:00:00,100017,65,65,42,OP-1002
2026-05-24-A,WC-06,A,2026-05-24 06:00:00,2026-05-24 14:00:00,100017,60,61,0,OP-1039
2026-05-24-A,WC-07,A,2026-05-24 06:00:00,2026-05-24 14:00:00,100026,50,50,10,OP-1026
2026-05-24-A,WC-08,A,2026-05-24 06:00:00,2026-05-24 14:00:00,100026,44,44,27,OP-1015
2026-05-24-A,WC-09,A,2026-05-24 06:00:00,2026-05-24 14:00:00,100026,65,66,44,OP-1038
2026-05-24-B,WC-01,B,2026-05-24 14:00:00,2026-05-24 22:00:00,100008,84,82,43,OP-1012
2026-05-24-B,WC-02,B,2026-05-24 14:00:00,2026-05-24 22:00:00,100008,72,71,31,OP-1032
2026-05-24-B,WC-03,B,2026-05-24 14:00:00,2026-05-24 22:00:00,100008,56,53,24,OP-1032
2026-05-24-B,WC-04,B,2026-05-24 14:00:00,2026-05-24 22:00:00,100017,64,62,11,OP-1006
2026-05-24-B,WC-05,B,2026-05-24 14:00:00,2026-05-24 22:00:00,100017,61,62,42,OP-1003
2026-05-24-B,WC-06,B,2026-05-24 14:00:00,2026-05-24 22:00:00,100017,56,53,17,OP-1016
2026-05-24-B,WC-07,B,2026-05-24 14:00:00,2026-05-24 22:00:00,100026,63,60,18,OP-1021
2026-05-24-B,WC-08,B,2026-05-24 14:00:00,2026-05-24 22:00:00,100026,60,59,38,OP-1028
2026-05-24-B,WC-09,B,2026-05-24 14:00:00,2026-05-24 22:00:00,100026,51,49,43,OP-1026
2026-05-24-C,WC-01,C,2026-05-24 22:00:00,2026-05-25 06:00:00,100008,57,54,40,OP-1035
2026-05-24-C,WC-02,C,2026-05-24 22:00:00,2026-05-25 06:00:00,100008,67,66,44,OP-1030
2026-05-24-C,WC-03,C,2026-05-24 22:00:00,2026-05-25 06:00:00,100008,59,57,15,OP-1026
2026-05-24-C,WC-04,C,2026-05-24 22:00:00,2026-05-25 06:00:00,100017,55,54,36,OP-1017
2026-05-24-C,WC-05,C,2026-05-24 22:00:00,2026-05-25 06:00:00,100017,61,62,28,OP-1004
2026-05-24-C,WC-06,C,2026-05-24 22:00:00,2026-05-25 06:00:00,100017,65,64,40,OP-1036
2026-05-24-C,WC-07,C,2026-05-24 22:00:00,2026-05-25 06:00:00,100026,63,62,23,OP-1018
2026-05-24-C,WC-08,C,2026-05-24 22:00:00,2026-05-25 06:00:00,100026,70,69,41,OP-1017
2026-05-24-C,WC-09,C,2026-05-24 22:00:00,2026-05-25 06:00:00,100026,58,57,3,OP-1005
2026-05-25-A,WC-01,A,2026-05-25 06:00:00,2026-05-25 14:00:00,100008,70,7,40,OP-1032
2026-05-25-A,WC-02,A,2026-05-25 06:00:00,2026-05-25 14:00:00,100008,71,70,15,OP-1024
2026-05-25-A,WC-03,A,2026-05-25 06:00:00,2026-05-25 14:00:00,100008,62,59,44,OP-1000
2026-05-25-A,WC-04,A,2026-05-25 06:00:00,2026-05-25 14:00:00,100017,54,52,6,OP-1025
2026-05-25-A,WC-05,A,2026-05-25 06:00:00,2026-05-25 14:00:00,100017,69,69,30,OP-1016
2026-05-25-A,WC-06,A,2026-05-25 06:00:00,2026-05-25 14:00:00,100017,65,63,2,OP-1034
2026-05-25-A,WC-07,A,2026-05-25 06:00:00,2026-05-25 14:00:00,100026,45,44,34,OP-1017
2026-05-25-A,WC-08,A,2026-05-25 06:00:00,2026-05-25 14:00:00,100026,69,67,44,OP-1011
2026-05-25-A,WC-09,A,2026-05-25 06:00:00,2026-05-25 14:00:00,100026,65,66,16,OP-1035
2026-05-25-B,WC-01,B,2026-05-25 14:00:00,2026-05-25 22:00:00,100008,53,51,17,OP-1015
2026-05-25-B,WC-02,B,2026-05-25 14:00:00,2026-05-25 22:00:00,100008,65,64,12,OP-1001
2026-05-25-B,WC-03,B,2026-05-25 14:00:00,2026-05-25 22:00:00,100008,51,50,2,OP-1014
2026-05-25-B,WC-04,B,2026-05-25 14:00:00,2026-05-25 22:00:00,100017,54,54,42,OP-1022
2026-05-25-B,WC-05,B,2026-05-25 14:00:00,2026-05-25 22:00:00,100017,77,74,37,OP-1003
2026-05-25-B,WC-06,B,2026-05-25 14:00:00,2026-05-25 22:00:00,100017,38,37,45,OP-1020
2026-05-25-B,WC-07,B,2026-05-25 14:00:00,2026-05-25 22:00:00,100026,64,64,1,OP-1007
2026-05-25-B,WC-08,B,2026-05-25 14:00:00,2026-05-25 22:00:00,100026,64,63,25,OP-1004
2026-05-25-B,WC-09,B,2026-05-25 14:00:00,2026-05-25 22:00:00,100026,60,59,6,OP-1014
2026-05-25-C,WC-01,C,2026-05-25 22:00:00,2026-05-26 06:00:00,100008,73,71,19,OP-1014
2026-05-25-C,WC-02,C,2026-05-25 22:00:00,2026-05-26 06:00:00,100008,51,49,35,OP-1009
2026-05-25-C,WC-03,C,2026-05-25 22:00:00,2026-05-26 06:00:00,100008,62,60,44,OP-1028
2026-05-25-C,WC-04,C,2026-05-25 22:00:00,2026-05-26 06:00:00,100017,59,58,33,OP-1004
2026-05-25-C,WC-05,C,2026-05-25 22:00:00,2026-05-26 06:00:00,100017,61,59,10,OP-1021
2026-05-25-C,WC-06,C,2026-05-25 22:00:00,2026-05-26 06:00:00,100017,58,58,30,OP-1007
2026-05-25-C,WC-07,C,2026-05-25 22:00:00,2026-05-26 06:00:00,100026,36,36,20,OP-1030
2026-05-25-C,WC-08,C,2026-05-25 22:00:00,2026-05-26 06:00:00,100026,80,79,22,OP-1013
2026-05-25-C,WC-09,C,2026-05-25 22:00:00,2026-05-26 06:00:00,100026,59,58,0,OP-1027
2026-05-26-A,WC-01,A,2026-05-26 06:00:00,2026-05-26 14:00:00,100008,49,47,38,OP-1034
2026-05-26-A,WC-02,A,2026-05-26 06:00:00,2026-05-26 14:00:00,100008,59,59,39,OP-1038
2026-05-26-A,WC-03,A,2026-05-26 06:00:00,2026-05-26 14:00:00,100008,57,57,18,OP-1023
2026-05-26-A,WC-04,A,2026-05-26 06:00:00,2026-05-26 14:00:00,100017,54,54,7,OP-1007
2026-05-26-A,WC-05,A,2026-05-26 06:00:00,2026-05-26 14:00:00,100017,70,69,20,OP-1019
2026-05-26-A,WC-06,A,2026-05-26 06:00:00,2026-05-26 14:00:00,100017,49,46,25,OP-1021
2026-05-26-A,WC-07,A,2026-05-26 06:00:00,2026-05-26 14:00:00,100026,63,61,4,OP-1031
2026-05-26-A,WC-08,A,2026-05-26 06:00:00,2026-05-26 14:00:00,100026,61,62,29,OP-1039
2026-05-26-A,WC-09,A,2026-05-26 06:00:00,2026-05-26 14:00:00,100026,47,47,15,OP-1033
2026-05-26-B,WC-01,B,2026-05-26 14:00:00,2026-05-26 22:00:00,100008,64,61,18,OP-1035
2026-05-26-B,WC-02,B,2026-05-26 14:00:00,2026-05-26 22:00:00,100008,56,56,42,OP-1010
2026-05-26-B,WC-03,B,2026-05-26 14:00:00,2026-05-26 22:00:00,100008,47,46,2,OP-1002
2026-05-26-B,WC-04,B,2026-05-26 14:00:00,2026-05-26 22:00:00,100017,56,53,12,OP-1015
2026-05-26-B,WC-05,B,2026-05-26 14:00:00,2026-05-26 22:00:00,100017,60,59,45,OP-1013
2026-05-26-B,WC-06,B,2026-05-26 14:00:00,2026-05-26 22:00:00,100017,51,51,10,OP-1011
2026-05-26-B,WC-07,B,2026-05-26 14:00:00,2026-05-26 22:00:00,100026,61,60,21,OP-1003
2026-05-26-B,WC-08,B,2026-05-26 14:00:00,2026-05-26 22:00:00,100026,63,61,2,OP-1033
2026-05-26-B,WC-09,B,2026-05-26 14:00:00,2026-05-26 22:00:00,100026,61,60,33,OP-1027
2026-05-26-C,WC-01,C,2026-05-26 22:00:00,2026-05-27 06:00:00,100008,53,51,18,OP-1006
2026-05-26-C,WC-02,C,2026-05-26 22:00:00,2026-05-27 06:00:00,100008,62,60,22,OP-1039
2026-05-26-C,WC-03,C,2026-05-26 22:00:00,2026-05-27 06:00:00,100008,57,56,23,OP-1030
2026-05-26-C,WC-04,C,2026-05-26 22:00:00,2026-05-27 06:00:00,100017,67,66,0,OP-1036
2026-05-26-C,WC-05,C,2026-05-26 22:00:00,2026-05-27 06:00:00,100017,62,60,27,OP-1000
2026-05-26-C,WC-06,C,2026-05-26 22:00:00,2026-05-27 06:00:00,100017,43,42,17,OP-1017
2026-05-26-C,WC-07,C,2026-05-26 22:00:00,2026-05-27 06:00:00,100026,63,63,32,OP-1008
2026-05-26-C,WC-08,C,2026-05-26 22:00:00,2026-05-27 06:00:00,100026,55,54,16,OP-1019
2026-05-26-C,WC-09,C,2026-05-26 22:00:00,2026-05-27 06:00:00,100026,59,59,23,OP-1015
2026-05-27-A,WC-01,A,2026-05-27 06:00:00,2026-05-27 14:00:00,100009,63,62,9,OP-1009
2026-05-27-A,WC-02,A,2026-05-27 06:00:00,2026-05-27 14:00:00,100009,60,59,43,OP-1022
2026-05-27-A,WC-03,A,2026-05-27 06:00:00,2026-05-27 14:00:00,100009,54,53,37,OP-1007
2026-05-27-A,WC-04,A,2026-05-27 06:00:00,2026-05-27 14:00:00,100018,70,69,0,OP-1016
2026-05-27-A,WC-05,A,2026-05-27 06:00:00,2026-05-27 14:00:00,100018,51,52,35,OP-1033
2026-05-27-A,WC-06,A,2026-05-27 06:00:00,2026-05-27 14:00:00,100018,62,61,18,OP-1019
2026-05-27-A,WC-07,A,2026-05-27 06:00:00,2026-05-27 14:00:00,100027,50,50,23,OP-1027
2026-05-27-A,WC-08,A,2026-05-27 06:00:00,2026-05-27 14:00:00,100027,57,56,0,OP-1002
2026-05-27-A,WC-09,A,2026-05-27 06:00:00,2026-05-27 14:00:00,100027,62,63,15,OP-1027
2026-05-27-B,WC-01,B,2026-05-27 14:00:00,2026-05-27 22:00:00,100009,70,68,30,OP-1022
2026-05-27-B,WC-02,B,2026-05-27 14:00:00,2026-05-27 22:00:00,100009,58,57,2,OP-1011
2026-05-27-B,WC-03,B,2026-05-27 14:00:00,2026-05-27 22:00:00,100009,50,49,34,OP-1033
2026-05-27-B,WC-04,B,2026-05-27 14:00:00,2026-05-27 22:00:00,100018,69,68,6,OP-1013
2026-05-27-B,WC-05,B,2026-05-27 14:00:00,2026-05-27 22:00:00,100018,57,56,16,OP-1033
2026-05-27-B,WC-06,B,2026-05-27 14:00:00,2026-05-27 22:00:00,100018,78,77,26,OP-1025
2026-05-27-B,WC-07,B,2026-05-27 14:00:00,2026-05-27 22:00:00,100027,56,56,22,OP-1001
2026-05-27-B,WC-08,B,2026-05-27 14:00:00,2026-05-27 22:00:00,100027,55,53,6,OP-1033
2026-05-27-B,WC-09,B,2026-05-27 14:00:00,2026-05-27 22:00:00,100027,70,68,40,OP-1030
2026-05-27-C,WC-01,C,2026-05-27 22:00:00,2026-05-28 06:00:00,100009,57,56,12,OP-1037
2026-05-27-C,WC-02,C,2026-05-27 22:00:00,2026-05-28 06:00:00,100009,55,53,33,OP-1024
2026-05-27-C,WC-03,C,2026-05-27 22:00:00,2026-05-28 06:00:00,100009,57,58,34,OP-1007
2026-05-27-C,WC-04,C,2026-05-27 22:00:00,2026-05-28 06:00:00,100018,68,67,29,OP-1001
2026-05-27-C,WC-05,C,2026-05-27 22:00:00,2026-05-28 06:00:00,100018,73,72,5,OP-1005
2026-05-27-C,WC-06,C,2026-05-27 22:00:00,2026-05-28 06:00:00,100018,65,64,18,OP-1004
2026-05-27-C,WC-07,C,2026-05-27 22:00:00,2026-05-28 06:00:00,100027,51,49,15,OP-1032
2026-05-27-C,WC-08,C,2026-05-27 22:00:00,2026-05-28 06:00:00,100027,67,66,13,OP-1032
2026-05-27-C,WC-09,C,2026-05-27 22:00:00,2026-05-28 06:00:00,100027,60,59,21,OP-1021
2026-05-28-A,WC-01,A,2026-05-28 06:00:00,2026-05-28 14:00:00,100009,67,66,3,OP-1017
2026-05-28-A,WC-02,A,2026-05-28 06:00:00,2026-05-28 14:00:00,100009,49,49,33,OP-1016
2026-05-28-A,WC-03,A,2026-05-28 06:00:00,2026-05-28 14:00:00,100009,51,52,1,OP-1037
2026-05-28-A,WC-04,A,2026-05-28 06:00:00,2026-05-28 14:00:00,100018,60,60,27,OP-1029
2026-05-28-A,WC-05,A,2026-05-28 06:00:00,2026-05-28 14:00:00,100018,65,65,37,OP-1036
2026-05-28-A,WC-06,A,2026-05-28 06:00:00,2026-05-28 14:00:00,100018,64,63,39,OP-1005
2026-05-28-A,WC-07,A,2026-05-28 06:00:00,2026-05-28 14:00:00,100027,67,66,20,OP-1001
2026-05-28-A,WC-08,A,2026-05-28 06:00:00,2026-05-28 14:00:00,100027,67,66,37,OP-1016
2026-05-28-A,WC-09,A,2026-05-28 06:00:00,2026-05-28 14:00:00,100027,65,64,37,OP-1002
2026-05-28-B,WC-01,B,2026-05-28 14:00:00,2026-05-28 22:00:00,100009,48,47,7,OP-1026
2026-05-28-B,WC-02,B,2026-05-28 14:00:00,2026-05-28 22:00:00,100009,56,54,38,OP-1032
2026-05-28-B,WC-03,B,2026-05-28 14:00:00,2026-05-28 22:00:00,100009,58,58,12,OP-1026
2026-05-28-B,WC-04,B,2026-05-28 14:00:00,2026-05-28 22:00:00,100018,74,74,44,OP-1028
2026-05-28-B,WC-05,B,2026-05-28 14:00:00,2026-05-28 22:00:00,100018,65,63,12,OP-1006
2026-05-28-B,WC-06,B,2026-05-28 14:00:00,2026-05-28 22:00:00,100018,64,63,20,OP-1034
2026-05-28-B,WC-07,B,2026-05-28 14:00:00,2026-05-28 22:00:00,100027,54,53,44,OP-1028
2026-05-28-B,WC-08,B,2026-05-28 14:00:00,2026-05-28 22:00:00,100027,53,52,16,OP-1032
2026-05-28-B,WC-09,B,2026-05-28 14:00:00,2026-05-28 22:00:00,100027,59,58,7,OP-1021
2026-05-28-C,WC-01,C,2026-05-28 22:00:00,2026-05-29 06:00:00,100009,64,63,14,OP-1033
2026-05-28-C,WC-02,C,2026-05-28 22:00:00,2026-05-29 06:00:00,100009,46,47,41,OP-1007
2026-05-28-C,WC-03,C,2026-05-28 22:00:00,2026-05-29 06:00:00,100009,55,53,27,OP-1014
2026-05-28-C,WC-04,C,2026-05-28 22:00:00,2026-05-29 06:00:00,100018,65,65,8,OP-1008
2026-05-28-C,WC-05,C,2026-05-28 22:00:00,2026-05-29 06:00:00,100018,57,55,28,OP-1030
2026-05-28-C,WC-06,C,2026-05-28 22:00:00,2026-05-29 06:00:00,100018,63,62,45,OP-1037
2026-05-28-C,WC-07,C,2026-05-28 22:00:00,2026-05-29 06:00:00,100027,54,52,20,OP-1008
2026-05-28-C,WC-08,C,2026-05-28 22:00:00,2026-05-29 06:00:00,100027,65,62,16,OP-1004
2026-05-28-C,WC-09,C,2026-05-28 22:00:00,2026-05-29 06:00:00,100027,67,67,19,OP-1014
2026-05-29-A,WC-01,A,2026-05-29 06:00:00,2026-05-29 14:00:00,100009,67,68,2,OP-1030
2026-05-29-A,WC-02,A,2026-05-29 06:00:00,2026-05-29 14:00:00,100009,49,46,24,OP-1010
2026-05-29-A,WC-03,A,2026-05-29 06:00:00,2026-05-29 14:00:00,100009,53,51,22,OP-1030
2026-05-29-A,WC-04,A,2026-05-29 06:00:00,2026-05-29 14:00:00,100018,69,67,33,OP-1039
2026-05-29-A,WC-05,A,2026-05-29 06:00:00,2026-05-29 14:00:00,100018,53,54,7,OP-1013
2026-05-29-A,WC-06,A,2026-05-29 06:00:00,2026-05-29 14:00:00,100018,70,70,23,OP-1012
2026-05-29-A,WC-07,A,2026-05-29 06:00:00,2026-05-29 14:00:00,100027,51,48,41,OP-1021
2026-05-29-A,WC-08,A,2026-05-29 06:00:00,2026-05-29 14:00:00,100027,58,56,43,OP-1032
2026-05-29-A,WC-09,A,2026-05-29 06:00:00,2026-05-29 14:00:00,100027,54,52,39,OP-1013
2026-05-29-B,WC-01,B,2026-05-29 14:00:00,2026-05-29 22:00:00,100009,60,58,21,OP-1000
2026-05-29-B,WC-02,B,2026-05-29 14:00:00,2026-05-29 22:00:00,100009,54,52,39,OP-1036
2026-05-29-B,WC-03,B,2026-05-29 14:00:00,2026-05-29 22:00:00,100009,51,51,15,OP-1036
2026-05-29-B,WC-04,B,2026-05-29 14:00:00,2026-05-29 22:00:00,100018,71,69,34,OP-1015
2026-05-29-B,WC-05,B,2026-05-29 14:00:00,2026-05-29 22:00:00,100018,69,68,40,OP-1030
2026-05-29-B,WC-06,B,2026-05-29 14:00:00,2026-05-29 22:00:00,100018,70,67,16,OP-1035
2026-05-29-B,WC-07,B,2026-05-29 14:00:00,2026-05-29 22:00:00,100027,53,53,30,OP-1011
2026-05-29-B,WC-08,B,2026-05-29 14:00:00,2026-05-29 22:00:00,100027,79,76,37,OP-1035
2026-05-29-B,WC-09,B,2026-05-29 14:00:00,2026-05-29 22:00:00,100027,56,57,12,OP-1003
2026-05-29-C,WC-01,C,2026-05-29 22:00:00,2026-05-30 06:00:00,100009,54,53,37,OP-1039
2026-05-29-C,WC-02,C,2026-05-29 22:00:00,2026-05-30 06:00:00,100009,63,61,28,OP-1011
2026-05-29-C,WC-03,C,2026-05-29 22:00:00,2026-05-30 06:00:00,100009,52,51,4,OP-1032
2026-05-29-C,WC-04,C,2026-05-29 22:00:00,2026-05-30 06:00:00,100018,71,70,42,OP-1034
2026-05-29-C,WC-05,C,2026-05-29 22:00:00,2026-05-30 06:00:00,100018,60,59,22,OP-1021
2026-05-29-C,WC-06,C,2026-05-29 22:00:00,2026-05-30 06:00:00,100018,64,64,41,OP-1019
2026-05-29-C,WC-07,C,2026-05-29 22:00:00,2026-05-30 06:00:00,100027,52,52,13,OP-1011
2026-05-29-C,WC-08,C,2026-05-29 22:00:00,2026-05-30 06:00:00,100027,59,56,21,OP-1007
2026-05-29-C,WC-09,C,2026-05-29 22:00:00,2026-05-30 06:00:00,100027,63,62,12,OP-1022
2026-05-30-A,WC-01,A,2026-05-30 06:00:00,2026-05-30 14:00:00,100009,45,45,9,OP-1010
2026-05-30-A,WC-02,A,2026-05-30 06:00:00,2026-05-30 14:00:00,100009,76,75,21,OP-1026
2026-05-30-A,WC-03,A,2026-05-30 06:00:00,2026-05-30 14:00:00,100009,64,61,22,OP-1016
2026-05-30-A,WC-04,A,2026-05-30 06:00:00,2026-05-30 14:00:00,100018,65,65,37,OP-1019
2026-05-30-A,WC-05,A,2026-05-30 06:00:00,2026-05-30 14:00:00,100018,60,60,30,OP-1032
2026-05-30-A,WC-06,A,2026-05-30 06:00:00,2026-05-30 14:00:00,100018,45,44,0,OP-1033
2026-05-30-A,WC-07,A,2026-05-30 06:00:00,2026-05-30 14:00:00,100027,73,72,30,OP-1036
2026-05-30-A,WC-08,A,2026-05-30 06:00:00,2026-05-30 14:00:00,100027,46,44,43,OP-1026
2026-05-30-A,WC-09,A,2026-05-30 06:00:00,2026-05-30 14:00:00,100027,56,54,44,OP-1008
2026-05-30-B,WC-01,B,2026-05-30 14:00:00,2026-05-30 22:00:00,100009,60,60,42,OP-1002
2026-05-30-B,WC-02,B,2026-05-30 14:00:00,2026-05-30 22:00:00,100009,69,67,20,OP-1025
2026-05-30-B,WC-03,B,2026-05-30 14:00:00,2026-05-30 22:00:00,100009,55,53,0,OP-1001
2026-05-30-B,WC-04,B,2026-05-30 14:00:00,2026-05-30 22:00:00,100018,58,59,8,OP-1023
2026-05-30-B,WC-05,B,2026-05-30 14:00:00,2026-05-30 22:00:00,100018,62,61,40,OP-1014
2026-05-30-B,WC-06,B,2026-05-30 14:00:00,2026-05-30 22:00:00,100018,64,63,12,OP-1002
2026-05-30-B,WC-07,B,2026-05-30 14:00:00,2026-05-30 22:00:00,100027,68,68,37,OP-1039
2026-05-30-B,WC-08,B,2026-05-30 14:00:00,2026-05-30 22:00:00,100027,59,57,21,OP-1031
2026-05-30-B,WC-09,B,2026-05-30 14:00:00,2026-05-30 22:00:00,100027,85,84,23,OP-1017
2026-05-30-C,WC-01,C,2026-05-30 22:00:00,2026-05-31 06:00:00,100009,17,15,37,OP-1038
2026-05-30-C,WC-02,C,2026-05-30 22:00:00,2026-05-31 06:00:00,100009,10,8,39,OP-1012
2026-05-30-C,WC-03,C,2026-05-30 22:00:00,2026-05-31 06:00:00,100009,24,24,21,OP-1029
2026-05-30-C,WC-04,C,2026-05-30 22:00:00,2026-05-31 06:00:00,100018,13,11,32,OP-1021
2026-05-30-C,WC-05,C,2026-05-30 22:00:00,2026-05-31 06:00:00,100018,23,21,37,OP-1031
2026-05-30-C,WC-06,C,2026-05-30 22:00:00,2026-05-31 06:00:00,100018,18,17,12,OP-1000
2026-05-30-C,WC-07,C,2026-05-30 22:00:00,2026-05-31 06:00:00,100027,21,20,14,OP-1027
2026-05-30-C,WC-08,C,2026-05-30 22:00:00,2026-05-31 06:00:00,100027,13,12,28,OP-1022
2026-05-30-C,WC-09,C,2026-05-30 22:00:00,2026-05-31 06:00:00,100027,20,20,0,OP-1038
